a.L.eye,45,317,01_frame005454.jpg,1920,1080
a.R.eye,27,319,01_frame005454.jpg,1920,1080
a.L.shoulder,68,379,01_frame005454.jpg,1920,1080
a.R.knee,191,463,01_frame005454.jpg,1920,1080
a.L.knee,195,550,01_frame005454.jpg,1920,1080
a.L.ankle,173,736,01_frame005454.jpg,1920,1080
i.L.eye,489,428,01_frame005454.jpg,1920,1080
i.R.eye,468,429,01_frame005454.jpg,1920,1080
i.R.shoulder,425,460,01_frame005454.jpg,1920,1080
i.L.shoulder,513,445,01_frame005454.jpg,1920,1080
a.R.eye,89,271,01_frame006723.jpg,1920,1080
a.R.shoulder,16,360,01_frame006723.jpg,1920,1080
a.R.wrist,24,521,01_frame006723.jpg,1920,1080
a.R.knee,176,451,01_frame006723.jpg,1920,1080
a.L.knee,199,552,01_frame006723.jpg,1920,1080
a.L.shoulder,124,345,01_frame006723.jpg,1920,1080
a.R.eye,328,370,01_frame008217.jpg,1920,1080
a.R.shoulder,228,409,01_frame008217.jpg,1920,1080
a.R.elbow,311,563,01_frame008217.jpg,1920,1080
a.R.wrist,389,488,01_frame008217.jpg,1920,1080
a.L.wrist,220,513,01_frame008217.jpg,1920,1080
a.R.hip,51,527,01_frame008217.jpg,1920,1080
a.R.knee,246,555,01_frame008217.jpg,1920,1080
a.R.ankle,214,770,01_frame008217.jpg,1920,1080
i.R.eye,351,416,01_frame008217.jpg,1920,1080
i.R.shoulder,322,452,01_frame008217.jpg,1920,1080
i.R.elbow,347,459,01_frame008217.jpg,1920,1080
i.R.wrist,381,413,01_frame008217.jpg,1920,1080
a.L.eye,958,170,02_frame005481.jpg,1920,1080
a.R.eye,929,172,02_frame005481.jpg,1920,1080
a.R.shoulder,874,194,02_frame005481.jpg,1920,1080
a.L.shoulder,1038,188,02_frame005481.jpg,1920,1080
a.R.wrist,880,304,02_frame005481.jpg,1920,1080
a.R.knee,809,352,02_frame005481.jpg,1920,1080
a.R.ankle,827,498,02_frame005481.jpg,1920,1080
i.R.shoulder,1005,296,02_frame005481.jpg,1920,1080
i.L.shoulder,898,299,02_frame005481.jpg,1920,1080
i.R.elbow,1045,377,02_frame005481.jpg,1920,1080
i.L.elbow,864,375,02_frame005481.jpg,1920,1080
i.R.hip,1007,441,02_frame005481.jpg,1920,1080
i.L.hip,915,443,02_frame005481.jpg,1920,1080
i.R.knee,1013,516,02_frame005481.jpg,1920,1080
i.R.ankle,1021,584,02_frame005481.jpg,1920,1080
i.L.knee,931,516,02_frame005481.jpg,1920,1080
i.L.ankle,951,567,02_frame005481.jpg,1920,1080
a.L.eye,132,368,02_frame008856.jpg,1920,1080
a.R.eye,100,383,02_frame008856.jpg,1920,1080
a.L.shoulder,258,442,02_frame008856.jpg,1920,1080
a.R.shoulder,73,481,02_frame008856.jpg,1920,1080
a.R.elbow,80,634,02_frame008856.jpg,1920,1080
a.R.wrist,53,744,02_frame008856.jpg,1920,1080
a.R.hip,173,710,02_frame008856.jpg,1920,1080
a.L.elbow,314,598,02_frame008856.jpg,1920,1080
a.R.wrist,551,748,02_frame008856.jpg,1920,1080
a.L.ankle,545,806,02_frame008856.jpg,1920,1080
a.R.eye,816,62,02_frame009783.jpg,1920,1080
a.R.shoulder,529,189,02_frame009783.jpg,1920,1080
a.R.elbow,668,558,02_frame009783.jpg,1920,1080
a.R.wrist,1009,528,02_frame009783.jpg,1920,1080
a.L.shoulder,851,185,02_frame009783.jpg,1920,1080
a.L.elbow,861,424,02_frame009783.jpg,1920,1080
a.R.hip,424,557,02_frame009783.jpg,1920,1080
a.R.knee,813,626,02_frame009783.jpg,1920,1080
a.R.ankle,782,1035,02_frame009783.jpg,1920,1080
a.L.ankle,872,919,02_frame009783.jpg,1920,1080
a.L.knee,1013,581,02_frame009783.jpg,1920,1080
i.L.eye,1412,397,02_frame009783.jpg,1920,1080
i.L.shoulder,1532,497,02_frame009783.jpg,1920,1080
i.L.elbow,1599,638,02_frame009783.jpg,1920,1080
i.L.wrist,1479,694,02_frame009783.jpg,1920,1080
i.L.hip,1564,745,02_frame009783.jpg,1920,1080
i.L.knee,1493,847,02_frame009783.jpg,1920,1080
i.L.ankle,1514,967,02_frame009783.jpg,1920,1080
i.R.knee,1420,807,02_frame009783.jpg,1920,1080
i.R.ankle,1453,920,02_frame009783.jpg,1920,1080
a.R.eye,592,363,03_frame003591.jpg,1920,1080
a.R.shoulder,494,451,03_frame003591.jpg,1920,1080
a.L.shoulder,646,392,03_frame003591.jpg,1920,1080
a.L.elbow,748,399,03_frame003591.jpg,1920,1080
a.L.wrist,845,386,03_frame003591.jpg,1920,1080
a.R.wrist,650,673,03_frame003591.jpg,1920,1080
a.L.knee,838,652,03_frame003591.jpg,1920,1080
a.R.knee,787,726,03_frame003591.jpg,1920,1080
a.L.ankle,971,757,03_frame003591.jpg,1920,1080
i.L.eye,766,498,03_frame003591.jpg,1920,1080
i.R.eye,736,486,03_frame003591.jpg,1920,1080
i.R.shoulder,672,490,03_frame003591.jpg,1920,1080
i.R.elbow,633,579,03_frame003591.jpg,1920,1080
i.R.wrist,683,574,03_frame003591.jpg,1920,1080
i.R.knee,745,673,03_frame003591.jpg,1920,1080
i.L.knee,827,611,03_frame003591.jpg,1920,1080
a.L.shoulder,857,349,03_frame003960.jpg,1920,1080
a.L.elbow,775,478,03_frame003960.jpg,1920,1080
a.L.wrist,789,601,03_frame003960.jpg,1920,1080
a.R.shoulder,1055,349,03_frame003960.jpg,1920,1080
a.R.hip,1051,581,03_frame003960.jpg,1920,1080
a.L.hip,852,574,03_frame003960.jpg,1920,1080
i.L.ankle,900,743,03_frame003960.jpg,1920,1080
i.L.eye,347,278,03_frame006066.jpg,1920,1080
i.R.eye,300,276,03_frame006066.jpg,1920,1080
i.R.shoulder,212,321,03_frame006066.jpg,1920,1080
i.R.wrist,259,419,03_frame006066.jpg,1920,1080
i.L.shoulder,407,294,03_frame006066.jpg,1920,1080
i.L.elbow,498,356,03_frame006066.jpg,1920,1080
i.L.wrist,470,375,03_frame006066.jpg,1920,1080
i.L.knee,568,545,03_frame006066.jpg,1920,1080
i.L.ankle,613,720,03_frame006066.jpg,1920,1080
i.R.knee,413,607,03_frame006066.jpg,1920,1080
i.R.ankle,458,750,03_frame006066.jpg,1920,1080
a.L.shoulder,1268,136,03_frame006066.jpg,1920,1080
a.L.elbow,1258,522,03_frame006066.jpg,1920,1080
a.L.wrist,986,568,03_frame006066.jpg,1920,1080
a.R.wrist,996,511,03_frame006066.jpg,1920,1080
a.L.hip,1333,703,03_frame006066.jpg,1920,1080
a.L.knee,804,692,03_frame006066.jpg,1920,1080
a.R.knee,879,541,03_frame006066.jpg,1920,1080
a.L.ankle,1121,952,03_frame006066.jpg,1920,1080
i.L.eye,1027,446,04_frame001953.jpg,1920,1080
i.R.eye,992,445,04_frame001953.jpg,1920,1080
i.L.shoulder,1080,509,04_frame001953.jpg,1920,1080
i.L.elbow,1097,568,04_frame001953.jpg,1920,1080
i.L.wrist,1034,558,04_frame001953.jpg,1920,1080
i.R.shoulder,955,501,04_frame001953.jpg,1920,1080
i.R.elbow,928,571,04_frame001953.jpg,1920,1080
i.R.wrist,981,561,04_frame001953.jpg,1920,1080
a.R.eye,661,139,04_frame001953.jpg,1920,1080
a.R.shoulder,476,186,04_frame001953.jpg,1920,1080
a.R.elbow,362,313,04_frame001953.jpg,1920,1080
a.R.wrist,469,424,04_frame001953.jpg,1920,1080
a.R.hip,489,516,04_frame001953.jpg,1920,1080
a.R.knee,582,783,04_frame001953.jpg,1920,1080
a.R.ankle,557,993,04_frame001953.jpg,1920,1080
a.L.shoulder,716,196,04_frame001953.jpg,1920,1080
a.L.elbow,750,371,04_frame001953.jpg,1920,1080
a.L.wrist,774,503,04_frame001953.jpg,1920,1080
a.L.hip,730,506,04_frame001953.jpg,1920,1080
a.L.knee,687,779,04_frame001953.jpg,1920,1080
a.L.ankle,700,981,04_frame001953.jpg,1920,1080
a.R.shoulder,1034,174,04_frame005490.jpg,1920,1080
a.R.elbow,1055,341,04_frame005490.jpg,1920,1080
a.R.wrist,1181,341,04_frame005490.jpg,1920,1080
a.R.hip,1027,393,04_frame005490.jpg,1920,1080
a.R.knee,1293,395,04_frame005490.jpg,1920,1080
a.R.ankle,1538,433,04_frame005490.jpg,1920,1080
a.L.ankle,1494,464,04_frame005490.jpg,1920,1080
i.R.shoulder,1349,145,04_frame005490.jpg,1920,1080
i.R.elbow,1385,194,04_frame005490.jpg,1920,1080
i.R.wrist,1414,220,04_frame005490.jpg,1920,1080
i.R.hip,1323,200,04_frame005490.jpg,1920,1080
i.R.knee,1357,247,04_frame005490.jpg,1920,1080
i.R.ankle,1309,252,04_frame005490.jpg,1920,1080
a.R.shoulder,569,408,06_frame007020.jpg,1920,1080
a.R.elbow,578,461,06_frame007020.jpg,1920,1080
a.R.wrist,603,484,06_frame007020.jpg,1920,1080
a.R.hip,575,508,06_frame007020.jpg,1920,1080
a.R.knee,568,575,06_frame007020.jpg,1920,1080
a.R.ankle,563,636,06_frame007020.jpg,1920,1080
a.L.knee,540,579,06_frame007020.jpg,1920,1080
i.L.eye,635,505,06_frame007020.jpg,1920,1080
a.L.shoulder,1143,750,06_frame008604.jpg,1920,1080
a.L.elbow,1031,1010,06_frame008604.jpg,1920,1080
a.R.shoulder,955,314,06_frame010062.jpg,1920,1080
a.R.elbow,878,571,06_frame010062.jpg,1920,1080
a.R.wrist,946,751,06_frame010062.jpg,1920,1080
a.L.wrist,1209,707,06_frame010062.jpg,1920,1080
a.L.shoulder,1184,342,06_frame010062.jpg,1920,1080
a.L.hip,1158,783,06_frame010062.jpg,1920,1080
a.L.knee,1132,1073,06_frame010062.jpg,1920,1080
a.R.knee,1002,1075,06_frame010062.jpg,1920,1080
a.L.eye,1181,185,06_frame010062.jpg,1920,1080
a.R.eye,1141,180,06_frame010062.jpg,1920,1080
i.L.eye,1041,573,07_frame000522.jpg,1920,1080
i.R.eye,925,640,07_frame000522.jpg,1920,1080
i.R.eye,869,743,07_frame000522.jpg,1920,1080
i.L.shoulder,1178,517,07_frame000522.jpg,1920,1080
i.L.elbow,1385,696,07_frame000522.jpg,1920,1080
i.L.eye,1068,424,07_frame006552.jpg,1920,1080
i.R.eye,1028,421,07_frame006552.jpg,1920,1080
i.R.wrist,1017,474,07_frame006552.jpg,1920,1080
i.R.shoulder,988,470,07_frame006552.jpg,1920,1080
i.R.elbow,971,533,07_frame006552.jpg,1920,1080
i.L.shoulder,1109,471,07_frame006552.jpg,1920,1080
i.L.elbow,1167,524,07_frame006552.jpg,1920,1080
i.L.wrist,1137,504,07_frame006552.jpg,1920,1080
i.L.knee,1135,609,07_frame006552.jpg,1920,1080
i.L.ankle,1108,730,07_frame006552.jpg,1920,1080
i.R.knee,1004,611,07_frame006552.jpg,1920,1080
i.R.ankle,1038,726,07_frame006552.jpg,1920,1080
a.L.eye,722,420,08_frame000297.jpg,1920,1080
a.L.shoulder,903,356,08_frame000297.jpg,1920,1080
a.L.elbow,864,600,08_frame000297.jpg,1920,1080
a.L.wrist,722,526,08_frame000297.jpg,1920,1080
a.L.hip,942,603,08_frame000297.jpg,1920,1080
a.L.knee,782,674,08_frame000297.jpg,1920,1080
a.L.ankle,836,891,08_frame000297.jpg,1920,1080
a.R.wrist,568,602,08_frame000297.jpg,1920,1080
a.R.knee,528,630,08_frame000297.jpg,1920,1080
a.R.ankle,670,881,08_frame000297.jpg,1920,1080
i.R.eye,465,544,08_frame000297.jpg,1920,1080
i.R.shoulder,395,674,08_frame000297.jpg,1920,1080
i.R.elbow,392,806,08_frame000297.jpg,1920,1080
i.R.wrist,438,857,08_frame000297.jpg,1920,1080
i.R.hip,389,855,08_frame000297.jpg,1920,1080
i.R.knee,425,952,08_frame000297.jpg,1920,1080
i.R.ankle,403,1041,08_frame000297.jpg,1920,1080
i.L.ankle,457,995,08_frame000297.jpg,1920,1080
a.L.eye,990,256,08_frame001359.jpg,1920,1080
a.L.shoulder,1135,266,08_frame001359.jpg,1920,1080
a.L.elbow,1161,426,08_frame001359.jpg,1920,1080
a.L.wrist,1072,460,08_frame001359.jpg,1920,1080
a.L.hip,1142,471,08_frame001359.jpg,1920,1080
a.L.knee,1051,525,08_frame001359.jpg,1920,1080
a.L.ankle,990,647,08_frame001359.jpg,1920,1080
a.R.knee,864,503,08_frame001359.jpg,1920,1080
a.R.ankle,743,575,08_frame001359.jpg,1920,1080
i.L.shoulder,993,430,08_frame001359.jpg,1920,1080
i.L.elbow,1006,493,08_frame001359.jpg,1920,1080
i.L.elbow,964,507,08_frame001359.jpg,1920,1080
i.L.knee,954,529,08_frame001359.jpg,1920,1080
i.L.ankle,943,580,08_frame001359.jpg,1920,1080
i.R.knee,913,524,08_frame001359.jpg,1920,1080
i.R.ankle,907,565,08_frame001359.jpg,1920,1080
i.L.eye,843,779,08_frame003042.jpg,1920,1080
i.L.shoulder,1030,793,08_frame003042.jpg,1920,1080
i.L.elbow,1090,864,08_frame003042.jpg,1920,1080
i.L.wrist,1129,955,08_frame003042.jpg,1920,1080
i.L.hip,1047,1007,08_frame003042.jpg,1920,1080
i.R.shoulder,800,814,08_frame003042.jpg,1920,1080
i.R.elbow,698,875,08_frame003042.jpg,1920,1080
i.R.wrist,570,932,08_frame003042.jpg,1920,1080
i.R.hip,830,1028,08_frame003042.jpg,1920,1080
i.R.shoulder,1603,542,09_frame004239.jpg,1920,1080
i.R.elbow,1665,616,09_frame004239.jpg,1920,1080
i.R.wrist,1738,575,09_frame004239.jpg,1920,1080
i.R.hip,1488,687,09_frame004239.jpg,1920,1080
i.R.knee,1416,830,09_frame004239.jpg,1920,1080
a.L.knee,1627,669,09_frame004239.jpg,1920,1080
a.L.ankle,1457,1047,09_frame004239.jpg,1920,1080
a.R.ankle,1344,939,09_frame004239.jpg,1920,1080
i.L.eye,647,559,09_frame004455.jpg,1920,1080
i.R.eye,633,576,09_frame004455.jpg,1920,1080
i.L.shoulder,698,530,09_frame004455.jpg,1920,1080
i.L.elbow,713,601,09_frame004455.jpg,1920,1080
i.L.wrist,635,617,09_frame004455.jpg,1920,1080
i.R.wrist,593,591,09_frame004455.jpg,1920,1080
i.L.hip,832,487,09_frame004455.jpg,1920,1080
i.L.knee,908,554,09_frame004455.jpg,1920,1080
i.L.ankle,972,542,09_frame004455.jpg,1920,1080
i.R.knee,841,597,09_frame004455.jpg,1920,1080
i.R.shoulder,1009,115,09_frame006003.jpg,1920,1080
i.R.hip,1022,207,09_frame006003.jpg,1920,1080
i.R.knee,1018,266,09_frame006003.jpg,1920,1080
i.R.ankle,1022,307,09_frame006003.jpg,1920,1080
i.L.hip,939,207,09_frame006003.jpg,1920,1080
i.L.knee,955,278,09_frame006003.jpg,1920,1080
i.L.ankle,962,315,09_frame006003.jpg,1920,1080
i.L.shoulder,935,116,09_frame006003.jpg,1920,1080
i.L.elbow,918,154,09_frame006003.jpg,1920,1080
a.L.knee,1105,134,09_frame006003.jpg,1920,1080
a.L.ankle,1125,315,09_frame006003.jpg,1920,1080
a.R.knee,1072,142,09_frame006003.jpg,1920,1080
a.R.wrist,1069,21,09_frame006003.jpg,1920,1080
a.L.elbow,1199,84,09_frame006003.jpg,1920,1080
a.L.wrist,1114,118,09_frame006003.jpg,1920,1080
a.L.hip,1245,124,09_frame006003.jpg,1920,1080
a.R.ankle,1798,693,10_frame001314.jpg,1920,1080
a.L.ankle,1730,750,10_frame001314.jpg,1920,1080
i.R.shoulder,890,134,10_frame002241.jpg,1920,1080
i.R.elbow,827,174,10_frame002241.jpg,1920,1080
i.R.wrist,815,234,10_frame002241.jpg,1920,1080
i.R.hip,855,266,10_frame002241.jpg,1920,1080
i.R.knee,872,351,10_frame002241.jpg,1920,1080
i.L.hip,929,277,10_frame002241.jpg,1920,1080
i.L.knee,937,324,10_frame002241.jpg,1920,1080
i.L.ankle,932,398,10_frame002241.jpg,1920,1080
a.L.ankle,965,96,10_frame002241.jpg,1920,1080
i.R.shoulder,1812,746,10_frame003195.jpg,1920,1080
i.R.elbow,1726,837,10_frame003195.jpg,1920,1080
i.R.wrist,1700,943,10_frame003195.jpg,1920,1080
a.L.shoulder,1592,387,11_frame002781.jpg,1920,1080
a.L.elbow,1394,631,11_frame002781.jpg,1920,1080
a.L.wrist,1095,594,11_frame002781.jpg,1920,1080
a.R.wrist,1116,490,11_frame002781.jpg,1920,1080
a.R.elbow,1341,497,11_frame002781.jpg,1920,1080
a.L.eye,1409,245,11_frame002781.jpg,1920,1080
a.L.eye,851,444,11_frame004554.jpg,1920,1080
a.R.eye,814,441,11_frame004554.jpg,1920,1080
a.R.shoulder,791,479,11_frame004554.jpg,1920,1080
a.R.elbow,705,530,11_frame004554.jpg,1920,1080
i.L.eye,898,496,11_frame004554.jpg,1920,1080
i.L.shoulder,957,536,11_frame004554.jpg,1920,1080
i.L.elbow,954,620,11_frame004554.jpg,1920,1080
i.L.wrist,860,626,11_frame004554.jpg,1920,1080
i.L.hip,953,702,11_frame004554.jpg,1920,1080
a.R.shoulder,738,51,11_frame010062.jpg,1920,1080
a.R.elbow,768,230,11_frame010062.jpg,1920,1080
a.R.wrist,887,272,11_frame010062.jpg,1920,1080
a.R.hip,731,284,11_frame010062.jpg,1920,1080
a.R.knee,897,304,11_frame010062.jpg,1920,1080
a.L.knee,936,243,11_frame010062.jpg,1920,1080
a.L.wrist,919,215,11_frame010062.jpg,1920,1080
i.L.shoulder,1159,201,11_frame010062.jpg,1920,1080
i.L.elbow,1116,237,11_frame010062.jpg,1920,1080
i.L.elbow,1144,306,11_frame010062.jpg,1920,1080
i.L.knee,1114,361,11_frame010062.jpg,1920,1080
i.L.ankle,1118,416,11_frame010062.jpg,1920,1080
a.L.eye,1363,991,12_frame002628.jpg,1920,1080
a.L.shoulder,1500,1016,12_frame002628.jpg,1920,1080
a.R.shoulder,1290,1007,12_frame002628.jpg,1920,1080
i.R.eye,1904,491,12_frame005805.jpg,1920,1080
i.R.shoulder,1825,550,12_frame005805.jpg,1920,1080
i.R.elbow,1878,609,12_frame005805.jpg,1920,1080
i.R.hip,1717,650,12_frame005805.jpg,1920,1080
i.R.knee,1706,788,12_frame005805.jpg,1920,1080
i.R.ankle,1650,876,12_frame005805.jpg,1920,1080
a.R.shoulder,1357,481,12_frame005805.jpg,1920,1080
a.R.elbow,1300,704,12_frame005805.jpg,1920,1080
a.R.wrist,1507,670,12_frame005805.jpg,1920,1080
a.L.shoulder,1476,472,12_frame005805.jpg,1920,1080
a.R.hip,1259,797,12_frame005805.jpg,1920,1080
a.R.knee,1451,987,12_frame005805.jpg,1920,1080
a.L.knee,1613,837,12_frame005805.jpg,1920,1080
a.L.hip,1425,757,12_frame005805.jpg,1920,1080
a.R.eye,800,765,12_frame006714.jpg,1920,1080
a.L.eye,825,735,12_frame006714.jpg,1920,1080
a.R.wrist,726,831,12_frame006714.jpg,1920,1080
a.R.elbow,615,947,12_frame006714.jpg,1920,1080
a.R.shoulder,768,836,12_frame006714.jpg,1920,1080
a.L.shoulder,898,689,12_frame006714.jpg,1920,1080
a.L.elbow,1110,693,12_frame006714.jpg,1920,1080
a.L.hip,1168,668,12_frame006714.jpg,1920,1080
a.L.knee,1332,862,12_frame006714.jpg,1920,1080
a.L.ankle,1534,823,12_frame006714.jpg,1920,1080
a.R.knee,1365,977,12_frame006714.jpg,1920,1080
i.L.shoulder,1066,963,12_frame006714.jpg,1920,1080
i.L.elbow,1010,1014,12_frame006714.jpg,1920,1080
i.L.wrist,928,1064,12_frame006714.jpg,1920,1080
i.L.eye,1264,678,13_frame004311.jpg,1920,1080
i.R.eye,1221,677,13_frame004311.jpg,1920,1080
i.R.shoulder,1133,733,13_frame004311.jpg,1920,1080
i.R.elbow,1121,794,13_frame004311.jpg,1920,1080
i.R.wrist,1191,817,13_frame004311.jpg,1920,1080
i.L.shoulder,1317,718,13_frame004311.jpg,1920,1080
i.L.elbow,1383,752,13_frame004311.jpg,1920,1080
i.L.wrist,1390,774,13_frame004311.jpg,1920,1080
a.R.eye,869,86,13_frame006597.jpg,1920,1080
a.R.shoulder,612,228,13_frame006597.jpg,1920,1080
a.R.elbow,586,595,13_frame006597.jpg,1920,1080
a.R.wrist,863,560,13_frame006597.jpg,1920,1080
a.L.shoulder,885,228,13_frame006597.jpg,1920,1080
i.R.eye,11,575,13_frame009765.jpg,1920,1080
i.R.wrist,48,757,13_frame009765.jpg,1920,1080
i.L.wrist,63,720,13_frame009765.jpg,1920,1080
a.R.eye,942,585,14_frame001503.jpg,1920,1080
a.L.eye,962,585,14_frame001503.jpg,1920,1080
a.L.shoulder,1011,631,14_frame001503.jpg,1920,1080
a.R.shoulder,903,631,14_frame001503.jpg,1920,1080
a.R.elbow,906,722,14_frame001503.jpg,1920,1080
a.R.wrist,958,758,14_frame001503.jpg,1920,1080
i.L.eye,838,773,14_frame001503.jpg,1920,1080
i.L.shoulder,909,791,14_frame001503.jpg,1920,1080
i.L.elbow,951,849,14_frame001503.jpg,1920,1080
i.L.wrist,913,850,14_frame001503.jpg,1920,1080
i.L.hip,937,925,14_frame001503.jpg,1920,1080
i.L.knee,922,996,14_frame001503.jpg,1920,1080
i.L.ankle,944,1061,14_frame001503.jpg,1920,1080
i.R.shoulder,822,800,14_frame001503.jpg,1920,1080
i.R.elbow,823,849,14_frame001503.jpg,1920,1080
i.R.wrist,807,888,14_frame001503.jpg,1920,1080
i.R.knee,884,998,14_frame001503.jpg,1920,1080
a.L.eye,764,525,14_frame002934.jpg,1920,1080
a.R.shoulder,679,571,14_frame002934.jpg,1920,1080
a.R.elbow,683,671,14_frame002934.jpg,1920,1080
a.R.wrist,751,638,14_frame002934.jpg,1920,1080
a.R.hip,642,725,14_frame002934.jpg,1920,1080
a.R.knee,797,702,14_frame002934.jpg,1920,1080
a.L.wrist,882,635,14_frame002934.jpg,1920,1080
a.R.shoulder,825,588,14_frame009630.jpg,1920,1080
a.R.elbow,817,686,14_frame009630.jpg,1920,1080
a.R.hip,759,730,14_frame009630.jpg,1920,1080
a.R.wrist,895,675,14_frame009630.jpg,1920,1080
a.R.ankle,981,777,14_frame009630.jpg,1920,1080
a.L.ankle,940,894,14_frame009630.jpg,1920,1080
a.L.wrist,917,594,14_frame009630.jpg,1920,1080
a.R.eye,901,548,14_frame009630.jpg,1920,1080
i.L.eye,1396,598,14_frame009630.jpg,1920,1080
i.R.eye,1380,598,14_frame009630.jpg,1920,1080
i.R.shoulder,1367,632,14_frame009630.jpg,1920,1080
i.R.elbow,1363,666,14_frame009630.jpg,1920,1080
i.R.wrist,1388,657,14_frame009630.jpg,1920,1080
i.R.hip,1360,708,14_frame009630.jpg,1920,1080
a.R.shoulder,352,275,15_frame000603.jpg,1920,1080
a.R.elbow,437,379,15_frame000603.jpg,1920,1080
a.R.wrist,481,442,15_frame000603.jpg,1920,1080
a.R.hip,220,497,15_frame000603.jpg,1920,1080
a.R.knee,392,411,15_frame000603.jpg,1920,1080
a.R.ankle,402,517,15_frame000603.jpg,1920,1080
a.R.eye,418,262,15_frame000603.jpg,1920,1080
i.L.shoulder,826,316,15_frame000603.jpg,1920,1080
i.L.elbow,802,344,15_frame000603.jpg,1920,1080
i.L.wrist,758,322,15_frame000603.jpg,1920,1080
i.L.hip,856,420,15_frame000603.jpg,1920,1080
i.L.knee,789,394,15_frame000603.jpg,1920,1080
i.L.ankle,730,418,15_frame000603.jpg,1920,1080
i.R.hip,1406,729,15_frame003942.jpg,1920,1080
i.R.knee,1413,835,15_frame003942.jpg,1920,1080
i.R.ankle,1394,922,15_frame003942.jpg,1920,1080
i.L.knee,1304,836,15_frame003942.jpg,1920,1080
i.L.ankle,1316,911,15_frame003942.jpg,1920,1080
i.R.shoulder,1447,518,15_frame003942.jpg,1920,1080
i.R.elbow,1533,589,15_frame003942.jpg,1920,1080
i.R.wrist,1570,506,15_frame003942.jpg,1920,1080
a.R.elbow,1718,107,15_frame003942.jpg,1920,1080
a.R.wrist,1679,57,15_frame003942.jpg,1920,1080
a.R.hip,1721,263,15_frame003942.jpg,1920,1080
a.L.hip,1899,286,15_frame003942.jpg,1920,1080
a.L.shoulder,977,533,15_frame004869.jpg,1920,1080
a.L.elbow,986,728,15_frame004869.jpg,1920,1080
a.L.knee,869,666,15_frame004869.jpg,1920,1080
a.L.hip,997,855,15_frame004869.jpg,1920,1080
a.R.shoulder,1261,507,15_frame004869.jpg,1920,1080
a.R.elbow,1423,632,15_frame004869.jpg,1920,1080
a.R.wrist,1428,512,15_frame004869.jpg,1920,1080
a.R.hip,1249,856,15_frame004869.jpg,1920,1080
i.L.shoulder,969,806,16_frame002907.jpg,1920,1080
i.L.elbow,1026,892,16_frame002907.jpg,1920,1080
i.L.wrist,977,969,16_frame002907.jpg,1920,1080
i.R.shoulder,1047,733,16_frame002907.jpg,1920,1080
i.L.hip,1048,951,16_frame002907.jpg,1920,1080
a.R.elbow,829,41,16_frame007371.jpg,1920,1080
a.R.wrist,1073,181,16_frame007371.jpg,1920,1080
a.R.hip,932,216,16_frame007371.jpg,1920,1080
a.R.knee,1059,617,16_frame007371.jpg,1920,1080
a.R.ankle,945,977,16_frame007371.jpg,1920,1080
a.L.ankle,1037,897,16_frame007371.jpg,1920,1080
i.R.shoulder,1174,55,16_frame007371.jpg,1920,1080
i.R.elbow,1124,150,16_frame007371.jpg,1920,1080
i.R.wrist,1128,285,16_frame007371.jpg,1920,1080
i.L.elbow,1369,163,16_frame007371.jpg,1920,1080
i.L.wrist,1440,238,16_frame007371.jpg,1920,1080
i.L.hip,1345,61,16_frame007371.jpg,1920,1080
i.L.eye,858,386,16_frame008064.jpg,1920,1080
i.R.eye,817,386,16_frame008064.jpg,1920,1080
i.L.shoulder,898,480,16_frame008064.jpg,1920,1080
i.L.elbow,836,558,16_frame008064.jpg,1920,1080
i.L.wrist,755,515,16_frame008064.jpg,1920,1080
a.L.eye,1360,501,17_frame007488.jpg,1920,1080
a.R.eye,1316,509,17_frame007488.jpg,1920,1080
a.R.shoulder,1250,572,17_frame007488.jpg,1920,1080
a.R.elbow,1276,752,17_frame007488.jpg,1920,1080
a.L.shoulder,1480,546,17_frame007488.jpg,1920,1080
i.L.shoulder,1609,870,17_frame007488.jpg,1920,1080
i.L.elbow,1569,989,17_frame007488.jpg,1920,1080
i.R.shoulder,1757,870,17_frame007488.jpg,1920,1080
i.L.hip,1599,1054,17_frame007488.jpg,1920,1080
i.R.hip,1769,1049,17_frame007488.jpg,1920,1080
a.L.eye,1603,431,17_frame008190.jpg,1920,1080
a.R.eye,1560,432,17_frame008190.jpg,1920,1080
a.R.shoulder,1458,508,17_frame008190.jpg,1920,1080
a.R.elbow,1398,669,17_frame008190.jpg,1920,1080
a.R.wrist,1463,785,17_frame008190.jpg,1920,1080
a.L.shoulder,1707,535,17_frame008190.jpg,1920,1080
a.R.knee,1273,777,17_frame008190.jpg,1920,1080
i.R.shoulder,1689,628,17_frame008190.jpg,1920,1080
i.R.elbow,1693,743,17_frame008190.jpg,1920,1080
i.L.shoulder,1562,610,17_frame008190.jpg,1920,1080
i.L.elbow,1517,695,17_frame008190.jpg,1920,1080
i.R.hip,1655,794,17_frame008190.jpg,1920,1080
i.R.knee,1710,862,17_frame008190.jpg,1920,1080
i.R.hip,1672,993,17_frame008190.jpg,1920,1080
i.R.hip,1572,967,17_frame008190.jpg,1920,1080
i.R.hip,1533,823,17_frame008190.jpg,1920,1080
i.R.hip,1501,641,17_frame008190.jpg,1920,1080
a.L.eye,1501,427,17_frame008352.jpg,1920,1080
a.R.eye,1460,431,17_frame008352.jpg,1920,1080
a.L.shoulder,1610,511,17_frame008352.jpg,1920,1080
a.R.shoulder,1385,538,17_frame008352.jpg,1920,1080
a.R.elbow,1378,721,17_frame008352.jpg,1920,1080
a.R.wrist,1479,796,17_frame008352.jpg,1920,1080
a.R.knee,1290,780,17_frame008352.jpg,1920,1080
i.L.shoulder,1547,724,17_frame008352.jpg,1920,1080
i.L.elbow,1505,842,17_frame008352.jpg,1920,1080
i.R.shoulder,1718,745,17_frame008352.jpg,1920,1080
i.R.elbow,1735,871,17_frame008352.jpg,1920,1080
i.L.hip,1520,958,17_frame008352.jpg,1920,1080
i.R.hip,1676,968,17_frame008352.jpg,1920,1080
a.R.eye,612,347,18_frame004788.jpg,1920,1080
i.L.shoulder,1452,523,18_frame004788.jpg,1920,1080
i.L.elbow,1355,591,18_frame004788.jpg,1920,1080
i.L.wrist,1336,472,18_frame004788.jpg,1920,1080
i.L.hip,1404,706,18_frame004788.jpg,1920,1080
i.L.knee,1356,849,18_frame004788.jpg,1920,1080
i.L.ankle,1382,967,18_frame004788.jpg,1920,1080
i.R.ankle,1473,910,18_frame004788.jpg,1920,1080
a.L.ankle,367,666,18_frame007821.jpg,1920,1080
a.R.ankle,360,742,18_frame007821.jpg,1920,1080
a.L.knee,496,754,18_frame007821.jpg,1920,1080
a.L.elbow,671,945,18_frame007821.jpg,1920,1080
a.L.wrist,710,836,18_frame007821.jpg,1920,1080
a.L.shoulder,863,942,18_frame007821.jpg,1920,1080
a.L.shoulder,1213,339,18_frame008892.jpg,1920,1080
a.L.elbow,1253,563,18_frame008892.jpg,1920,1080
a.L.wrist,1117,568,18_frame008892.jpg,1920,1080
a.R.elbow,1098,423,18_frame008892.jpg,1920,1080
a.R.shoulder,1153,311,18_frame008892.jpg,1920,1080
a.R.wrist,904,380,18_frame008892.jpg,1920,1080
a.L.hip,1266,647,18_frame008892.jpg,1920,1080
a.L.knee,955,684,18_frame008892.jpg,1920,1080
a.L.ankle,1243,723,18_frame008892.jpg,1920,1080
i.R.shoulder,413,423,18_frame008892.jpg,1920,1080
i.R.elbow,463,479,18_frame008892.jpg,1920,1080
i.R.wrist,522,464,18_frame008892.jpg,1920,1080
i.R.hip,413,543,18_frame008892.jpg,1920,1080
i.R.knee,466,608,18_frame008892.jpg,1920,1080
i.R.ankle,456,685,18_frame008892.jpg,1920,1080
i.L.ankle,388,703,18_frame008892.jpg,1920,1080
a.L.eye,1113,223,18_frame008892.jpg,1920,1080
a.L.eye,1116,325,19_frame000630.jpg,1920,1080
a.R.eye,1078,332,19_frame000630.jpg,1920,1080
a.L.shoulder,1189,389,19_frame000630.jpg,1920,1080
a.L.elbow,1170,617,19_frame000630.jpg,1920,1080
a.L.hip,1242,629,19_frame000630.jpg,1920,1080
a.L.knee,1129,655,19_frame000630.jpg,1920,1080
a.R.shoulder,1013,368,19_frame000630.jpg,1920,1080
a.R.knee,848,545,19_frame000630.jpg,1920,1080
i.R.shoulder,1077,601,19_frame000630.jpg,1920,1080
i.R.elbow,1101,710,19_frame000630.jpg,1920,1080
i.R.wrist,1173,710,19_frame000630.jpg,1920,1080
i.R.hip,1055,782,19_frame000630.jpg,1920,1080
i.L.shoulder,906,578,19_frame000630.jpg,1920,1080
i.L.elbow,859,676,19_frame000630.jpg,1920,1080
i.R.knee,1060,925,19_frame000630.jpg,1920,1080
i.R.ankle,1011,1030,19_frame000630.jpg,1920,1080
i.L.hip,912,803,19_frame000630.jpg,1920,1080
a.L.eye,1178,399,19_frame001134.jpg,1920,1080
a.R.eye,1139,390,19_frame001134.jpg,1920,1080
a.L.shoulder,1264,410,19_frame001134.jpg,1920,1080
a.L.elbow,1194,614,19_frame001134.jpg,1920,1080
a.L.wrist,1104,711,19_frame001134.jpg,1920,1080
a.R.shoulder,1054,364,19_frame001134.jpg,1920,1080
a.L.hip,1245,611,19_frame001134.jpg,1920,1080
a.R.knee,881,605,19_frame001134.jpg,1920,1080
a.R.elbow,985,521,19_frame001134.jpg,1920,1080
a.R.wrist,980,624,19_frame001134.jpg,1920,1080
i.L.eye,1082,516,19_frame001134.jpg,1920,1080
i.R.eye,1058,518,19_frame001134.jpg,1920,1080
i.L.shoulder,1156,538,19_frame001134.jpg,1920,1080
i.L.knee,1101,661,19_frame001134.jpg,1920,1080
i.L.hip,1132,629,19_frame001134.jpg,1920,1080
i.R.wrist,1012,599,19_frame001134.jpg,1920,1080
i.R.shoulder,1034,528,19_frame001134.jpg,1920,1080
i.R.knee,1023,634,19_frame001134.jpg,1920,1080
i.R.ankle,1051,699,19_frame001134.jpg,1920,1080
a.L.eye,899,309,19_frame008649.jpg,1920,1080
a.L.shoulder,981,399,19_frame008649.jpg,1920,1080
a.R.knee,820,584,19_frame008649.jpg,1920,1080
a.L.knee,731,653,19_frame008649.jpg,1920,1080
a.R.wrist,892,524,19_frame008649.jpg,1920,1080
i.L.eye,628,251,19_frame008649.jpg,1920,1080
i.R.eye,602,253,19_frame008649.jpg,1920,1080
i.L.shoulder,665,263,19_frame008649.jpg,1920,1080
i.L.elbow,720,254,19_frame008649.jpg,1920,1080
i.L.wrist,714,293,19_frame008649.jpg,1920,1080
i.L.hip,744,354,19_frame008649.jpg,1920,1080
i.L.knee,746,418,19_frame008649.jpg,1920,1080
i.L.ankle,760,444,19_frame008649.jpg,1920,1080
i.L.eye,1156,330,20_frame005058.jpg,1920,1080
i.L.shoulder,1261,403,20_frame005058.jpg,1920,1080
i.L.elbow,1205,473,20_frame005058.jpg,1920,1080
i.L.wrist,1108,503,20_frame005058.jpg,1920,1080
i.R.wrist,1091,458,20_frame005058.jpg,1920,1080
a.R.shoulder,992,415,20_frame005058.jpg,1920,1080
a.L.shoulder,474,499,20_frame005058.jpg,1920,1080
a.R.eye,1230,617,20_frame007443.jpg,1920,1080
a.L.eye,1286,621,20_frame007443.jpg,1920,1080
a.R.shoulder,1080,703,20_frame007443.jpg,1920,1080
a.R.elbow,957,918,20_frame007443.jpg,1920,1080
a.R.wrist,1114,1047,20_frame007443.jpg,1920,1080
a.R.hip,888,873,20_frame007443.jpg,1920,1080
a.R.ankle,827,960,20_frame007443.jpg,1920,1080
i.L.eye,802,149,20_frame008676.jpg,1920,1080
i.L.shoulder,857,175,20_frame008676.jpg,1920,1080
i.L.elbow,892,218,20_frame008676.jpg,1920,1080
i.L.wrist,867,244,20_frame008676.jpg,1920,1080
i.L.hip,883,273,20_frame008676.jpg,1920,1080
i.L.knee,875,323,20_frame008676.jpg,1920,1080
i.L.ankle,884,377,20_frame008676.jpg,1920,1080
i.R.knee,826,324,20_frame008676.jpg,1920,1080
i.R.shoulder,783,191,20_frame008676.jpg,1920,1080
i.R.elbow,779,224,20_frame008676.jpg,1920,1080
i.R.wrist,764,245,20_frame008676.jpg,1920,1080
a.R.shoulder,554,314,20_frame008676.jpg,1920,1080
a.R.elbow,454,444,20_frame008676.jpg,1920,1080
a.R.wrist,539,497,20_frame008676.jpg,1920,1080
a.R.hip,428,528,20_frame008676.jpg,1920,1080
a.R.knee,638,544,20_frame008676.jpg,1920,1080
a.R.ankle,441,617,20_frame008676.jpg,1920,1080
a.L.hip,1343,295,21_frame006075.jpg,1920,1080
a.L.knee,1138,772,21_frame006075.jpg,1920,1080
a.R.knee,1362,752,21_frame006075.jpg,1920,1080
i.R.ankle,1064,162,21_frame006075.jpg,1920,1080
a.R.shoulder,1440,616,22_frame002952.jpg,1920,1080
a.R.elbow,1340,1070,22_frame002952.jpg,1920,1080
a.R.wrist,1705,973,22_frame002952.jpg,1920,1080
a.R.eye,1779,587,22_frame002952.jpg,1920,1080
a.R.hip,707,662,22_frame002952.jpg,1920,1080
i.R.eye,1775,831,22_frame002952.jpg,1920,1080
a.L.eye,976,342,22_frame005112.jpg,1920,1080
a.R.eye,932,344,22_frame005112.jpg,1920,1080
a.L.shoulder,1106,401,22_frame005112.jpg,1920,1080
a.L.elbow,1168,537,22_frame005112.jpg,1920,1080
a.L.wrist,1103,530,22_frame005112.jpg,1920,1080
i.L.eye,870,453,22_frame005112.jpg,1920,1080
i.L.shoulder,979,421,22_frame005112.jpg,1920,1080
i.L.elbow,1048,436,22_frame005112.jpg,1920,1080
i.L.hip,1035,572,22_frame005112.jpg,1920,1080
a.R.eye,825,340,22_frame008037.jpg,1920,1080
a.R.shoulder,765,423,22_frame008037.jpg,1920,1080
a.R.elbow,734,598,22_frame008037.jpg,1920,1080
a.R.knee,1058,714,22_frame008037.jpg,1920,1080
a.R.ankle,866,820,22_frame008037.jpg,1920,1080
a.L.knee,854,571,22_frame008037.jpg,1920,1080
i.L.shoulder,944,344,22_frame008037.jpg,1920,1080
i.L.elbow,887,408,22_frame008037.jpg,1920,1080
i.L.wrist,889,373,22_frame008037.jpg,1920,1080
i.L.hip,934,486,22_frame008037.jpg,1920,1080
i.L.knee,926,588,22_frame008037.jpg,1920,1080
i.L.ankle,957,657,22_frame008037.jpg,1920,1080
i.R.shoulder,1021,338,22_frame008037.jpg,1920,1080
i.R.hip,1030,471,22_frame008037.jpg,1920,1080
i.R.knee,1013,560,22_frame008037.jpg,1920,1080
i.R.ankle,1017,627,22_frame008037.jpg,1920,1080
a.L.elbow,569,527,22_frame008037.jpg,1920,1080
a.L.eye,850,408,23_frame002385.jpg,1920,1080
a.R.eye,825,412,23_frame002385.jpg,1920,1080
a.R.shoulder,763,467,23_frame002385.jpg,1920,1080
a.L.shoulder,886,448,23_frame002385.jpg,1920,1080
a.L.elbow,930,545,23_frame002385.jpg,1920,1080
a.R.wrist,945,641,23_frame002385.jpg,1920,1080
a.R.knee,957,669,23_frame002385.jpg,1920,1080
a.L.knee,1071,606,23_frame002385.jpg,1920,1080
i.L.eye,823,564,23_frame002385.jpg,1920,1080
i.R.eye,795,565,23_frame002385.jpg,1920,1080
i.L.shoulder,861,602,23_frame002385.jpg,1920,1080
i.L.elbow,886,671,23_frame002385.jpg,1920,1080
i.L.wrist,838,651,23_frame002385.jpg,1920,1080
i.L.hip,862,733,23_frame002385.jpg,1920,1080
i.L.knee,788,790,23_frame002385.jpg,1920,1080
i.R.shoulder,779,602,23_frame002385.jpg,1920,1080
i.L.eye,98,562,23_frame006453.jpg,1920,1080
i.L.shoulder,173,577,23_frame006453.jpg,1920,1080
i.L.elbow,212,676,23_frame006453.jpg,1920,1080
i.L.wrist,141,692,23_frame006453.jpg,1920,1080
i.L.hip,199,730,23_frame006453.jpg,1920,1080
i.L.knee,222,809,23_frame006453.jpg,1920,1080
i.R.knee,72,809,23_frame006453.jpg,1920,1080
i.R.shoulder,34,590,23_frame006453.jpg,1920,1080
i.R.elbow,22,691,23_frame006453.jpg,1920,1080
a.L.eye,1129,457,25_frame006435.jpg,1920,1080
a.L.shoulder,1309,507,25_frame006435.jpg,1920,1080
a.L.elbow,1351,747,25_frame006435.jpg,1920,1080
a.L.wrist,1154,751,25_frame006435.jpg,1920,1080
a.R.shoulder,1077,510,25_frame006435.jpg,1920,1080
a.R.elbow,1097,672,25_frame006435.jpg,1920,1080
a.L.hip,1375,819,25_frame006435.jpg,1920,1080
a.L.knee,1241,782,25_frame006435.jpg,1920,1080
a.R.knee,924,743,25_frame006435.jpg,1920,1080
a.R.eye,1090,452,25_frame006435.jpg,1920,1080
a.L.eye,1150,462,25_frame006606.jpg,1920,1080
a.R.eye,1105,460,25_frame006606.jpg,1920,1080
a.L.shoulder,1310,501,25_frame006606.jpg,1920,1080
a.L.elbow,1350,733,25_frame006606.jpg,1920,1080
a.R.shoulder,1085,492,25_frame006606.jpg,1920,1080
a.R.elbow,1029,715,25_frame006606.jpg,1920,1080
a.R.wrist,1189,769,25_frame006606.jpg,1920,1080
a.R.knee,923,754,25_frame006606.jpg,1920,1080
a.L.knee,1339,811,25_frame006606.jpg,1920,1080
i.R.shoulder,912,948,25_frame006606.jpg,1920,1080
i.R.elbow,980,984,25_frame006606.jpg,1920,1080
i.L.shoulder,695,969,25_frame006606.jpg,1920,1080
a.L.eye,833,522,25_frame010962.jpg,1920,1080
a.L.shoulder,953,523,25_frame010962.jpg,1920,1080
a.L.elbow,1023,657,25_frame010962.jpg,1920,1080
a.L.wrist,954,660,25_frame010962.jpg,1920,1080
a.R.shoulder,811,554,25_frame010962.jpg,1920,1080
a.L.knee,897,663,25_frame010962.jpg,1920,1080
a.R.knee,736,623,25_frame010962.jpg,1920,1080
i.R.shoulder,712,713,25_frame010962.jpg,1920,1080
i.R.elbow,739,756,25_frame010962.jpg,1920,1080
i.L.shoulder,615,734,25_frame010962.jpg,1920,1080
i.L.elbow,603,797,25_frame010962.jpg,1920,1080
i.R.hip,733,834,25_frame010962.jpg,1920,1080
i.L.hip,619,850,25_frame010962.jpg,1920,1080
a.L.eye,1185,311,26_frame009288.jpg,1920,1080
a.R.eye,1151,311,26_frame009288.jpg,1920,1080
a.L.shoulder,1275,327,26_frame009288.jpg,1920,1080
a.L.elbow,1336,481,26_frame009288.jpg,1920,1080
a.L.wrist,1254,567,26_frame009288.jpg,1920,1080
a.L.knee,1427,586,26_frame009288.jpg,1920,1080
a.R.shoulder,1039,312,26_frame009288.jpg,1920,1080
a.R.wrist,1078,556,26_frame009288.jpg,1920,1080
i.R.shoulder,999,501,26_frame009288.jpg,1920,1080
i.R.elbow,985,576,26_frame009288.jpg,1920,1080
i.R.wrist,1010,637,26_frame009288.jpg,1920,1080
i.L.wrist,1025,558,26_frame009288.jpg,1920,1080
i.R.hip,842,548,26_frame009288.jpg,1920,1080
i.R.knee,891,641,26_frame009288.jpg,1920,1080
i.R.ankle,795,670,26_frame009288.jpg,1920,1080
a.L.eye,1216,250,26_frame009567.jpg,1920,1080
a.R.eye,1187,254,26_frame009567.jpg,1920,1080
a.L.shoulder,1251,318,26_frame009567.jpg,1920,1080
a.L.elbow,1292,475,26_frame009567.jpg,1920,1080
a.L.wrist,1290,625,26_frame009567.jpg,1920,1080
a.R.shoulder,1031,310,26_frame009567.jpg,1920,1080
a.R.elbow,1000,452,26_frame009567.jpg,1920,1080
i.R.shoulder,1094,535,26_frame009567.jpg,1920,1080
i.R.elbow,1142,626,26_frame009567.jpg,1920,1080
i.R.hip,1067,669,26_frame009567.jpg,1920,1080
i.R.knee,1110,623,26_frame009567.jpg,1920,1080
i.R.ankle,1085,725,26_frame009567.jpg,1920,1080
i.L.hip,938,634,26_frame009567.jpg,1920,1080
i.L.shoulder,1007,507,26_frame009567.jpg,1920,1080
i.R.shoulder,694,464,27_frame006957.jpg,1920,1080
i.R.elbow,704,564,27_frame006957.jpg,1920,1080
i.R.wrist,768,628,27_frame006957.jpg,1920,1080
i.R.hip,654,646,27_frame006957.jpg,1920,1080
i.R.knee,702,755,27_frame006957.jpg,1920,1080
i.R.ankle,653,859,27_frame006957.jpg,1920,1080
i.L.ankle,615,810,27_frame006957.jpg,1920,1080
a.L.shoulder,1236,734,27_frame006957.jpg,1920,1080
a.L.elbow,1147,952,27_frame006957.jpg,1920,1080
a.L.wrist,946,893,27_frame006957.jpg,1920,1080
a.L.hip,1227,1052,27_frame006957.jpg,1920,1080
a.L.knee,898,960,27_frame006957.jpg,1920,1080
a.L.ankle,841,947,27_frame006957.jpg,1920,1080
a.R.knee,846,803,27_frame006957.jpg,1920,1080
a.R.elbow,1012,676,27_frame006957.jpg,1920,1080
a.R.wrist,1016,611,27_frame006957.jpg,1920,1080
i.L.eye,965,137,27_frame007065.jpg,1920,1080
i.R.eye,938,136,27_frame007065.jpg,1920,1080
i.L.shoulder,1038,165,27_frame007065.jpg,1920,1080
i.L.elbow,1094,211,27_frame007065.jpg,1920,1080
i.L.elbow,1083,285,27_frame007065.jpg,1920,1080
i.R.shoulder,936,172,27_frame007065.jpg,1920,1080
i.R.elbow,936,220,27_frame007065.jpg,1920,1080
i.R.wrist,919,272,27_frame007065.jpg,1920,1080
a.L.shoulder,1215,672,27_frame007065.jpg,1920,1080
a.L.elbow,1175,868,27_frame007065.jpg,1920,1080
a.L.wrist,1082,811,27_frame007065.jpg,1920,1080
a.R.wrist,1102,704,27_frame007065.jpg,1920,1080
a.L.hip,1238,985,27_frame007065.jpg,1920,1080
a.L.knee,952,849,27_frame007065.jpg,1920,1080
a.R.knee,1047,732,27_frame007065.jpg,1920,1080
a.L.eye,1494,510,27_frame009711.jpg,1920,1080
a.R.eye,1464,493,27_frame009711.jpg,1920,1080
a.L.shoulder,1625,689,27_frame009711.jpg,1920,1080
a.L.elbow,1571,894,27_frame009711.jpg,1920,1080
a.L.wrist,1364,1017,27_frame009711.jpg,1920,1080
a.R.wrist,1251,754,27_frame009711.jpg,1920,1080
a.L.hip,1367,954,27_frame009711.jpg,1920,1080
a.L.knee,1090,879,27_frame009711.jpg,1920,1080
a.L.ankle,721,918,27_frame009711.jpg,1920,1080
a.R.ankle,733,984,27_frame009711.jpg,1920,1080
i.L.shoulder,220,541,28_frame003609.jpg,1920,1080
i.L.elbow,201,592,28_frame003609.jpg,1920,1080
i.R.shoulder,310,527,28_frame003609.jpg,1920,1080
i.R.hip,351,620,28_frame003609.jpg,1920,1080
i.L.hip,259,631,28_frame003609.jpg,1920,1080
a.L.knee,267,674,28_frame003609.jpg,1920,1080
a.L.ankle,315,975,28_frame003609.jpg,1920,1080
a.R.wrist,8,969,28_frame003609.jpg,1920,1080
i.L.eye,330,391,28_frame006363.jpg,1920,1080
i.R.eye,304,389,28_frame006363.jpg,1920,1080
i.R.shoulder,279,446,28_frame006363.jpg,1920,1080
i.L.shoulder,358,439,28_frame006363.jpg,1920,1080
i.L.elbow,370,485,28_frame006363.jpg,1920,1080
i.L.wrist,407,496,28_frame006363.jpg,1920,1080
i.R.hip,304,547,28_frame006363.jpg,1920,1080
i.R.knee,376,543,28_frame006363.jpg,1920,1080
i.R.ankle,436,547,28_frame006363.jpg,1920,1080
i.L.knee,407,522,28_frame006363.jpg,1920,1080
a.L.shoulder,1619,16,29_frame003888.jpg,1920,1080
a.L.elbow,1625,165,29_frame003888.jpg,1920,1080
a.L.wrist,1529,236,29_frame003888.jpg,1920,1080
a.R.shoulder,1365,3,29_frame003888.jpg,1920,1080
a.R.elbow,1321,88,29_frame003888.jpg,1920,1080
a.R.wrist,1290,184,29_frame003888.jpg,1920,1080
a.R.knee,1383,268,29_frame003888.jpg,1920,1080
a.R.ankle,1380,493,29_frame003888.jpg,1920,1080
i.L.shoulder,870,129,29_frame003888.jpg,1920,1080
i.L.elbow,811,152,29_frame003888.jpg,1920,1080
i.L.wrist,788,110,29_frame003888.jpg,1920,1080
i.R.shoulder,954,107,29_frame003888.jpg,1920,1080
i.L.hip,887,317,29_frame003888.jpg,1920,1080
i.L.eye,285,153,29_frame008640.jpg,1920,1080
i.L.shoulder,368,230,29_frame008640.jpg,1920,1080
i.L.elbow,284,266,29_frame008640.jpg,1920,1080
i.L.wrist,237,263,29_frame008640.jpg,1920,1080
a.R.elbow,254,416,29_frame008640.jpg,1920,1080
a.R.wrist,433,539,29_frame008640.jpg,1920,1080
i.L.eye,279,163,29_frame008874.jpg,1920,1080
i.L.shoulder,364,212,29_frame008874.jpg,1920,1080
i.L.elbow,368,293,29_frame008874.jpg,1920,1080
i.L.wrist,283,268,29_frame008874.jpg,1920,1080
i.L.hip,406,410,29_frame008874.jpg,1920,1080
i.L.knee,377,519,29_frame008874.jpg,1920,1080
a.R.elbow,269,415,29_frame008874.jpg,1920,1080
a.R.wrist,272,331,30_frame003303.jpg,1920,1080
a.L.elbow,577,208,30_frame003303.jpg,1920,1080
a.L.wrist,318,431,30_frame003303.jpg,1920,1080
a.L.hip,506,519,30_frame003303.jpg,1920,1080
a.L.knee,564,941,30_frame003303.jpg,1920,1080
a.R.hip,45,564,30_frame003303.jpg,1920,1080
a.R.knee,230,966,30_frame003303.jpg,1920,1080
i.R.wrist,600,117,30_frame003303.jpg,1920,1080
i.R.elbow,564,26,30_frame003303.jpg,1920,1080
i.R.hip,461,156,30_frame003303.jpg,1920,1080
i.L.hip,188,71,30_frame003303.jpg,1920,1080
i.R.ankle,480,636,30_frame003303.jpg,1920,1080
i.L.ankle,19,490,30_frame003303.jpg,1920,1080
a.R.eye,1010,582,31_frame003240.jpg,1920,1080
a.R.shoulder,779,545,31_frame003240.jpg,1920,1080
a.R.elbow,711,747,31_frame003240.jpg,1920,1080
a.R.wrist,808,894,31_frame003240.jpg,1920,1080
a.L.elbow,1027,734,31_frame003240.jpg,1920,1080
a.L.wrist,974,850,31_frame003240.jpg,1920,1080
a.R.knee,688,961,31_frame003240.jpg,1920,1080
a.R.hip,725,855,31_frame003240.jpg,1920,1080
i.L.shoulder,1277,950,31_frame003240.jpg,1920,1080
i.L.elbow,1253,1072,31_frame003240.jpg,1920,1080
i.L.wrist,1157,1069,31_frame003240.jpg,1920,1080
i.R.shoulder,1133,901,31_frame003240.jpg,1920,1080
i.R.elbow,1090,919,31_frame003240.jpg,1920,1080
i.R.wrist,1035,984,31_frame003240.jpg,1920,1080
i.R.knee,1066,1001,31_frame003240.jpg,1920,1080
a.L.elbow,1706,118,31_frame005391.jpg,1920,1080
a.L.wrist,1586,214,31_frame005391.jpg,1920,1080
a.L.hip,1621,251,31_frame005391.jpg,1920,1080
a.L.knee,1532,543,31_frame005391.jpg,1920,1080
a.L.ankle,1508,807,31_frame005391.jpg,1920,1080
a.R.hip,1436,246,31_frame005391.jpg,1920,1080
a.R.knee,1471,520,31_frame005391.jpg,1920,1080
i.R.shoulder,695,811,31_frame005391.jpg,1920,1080
i.R.elbow,674,869,31_frame005391.jpg,1920,1080
i.R.hip,736,888,31_frame005391.jpg,1920,1080
i.R.knee,812,886,31_frame005391.jpg,1920,1080
i.R.ankle,883,992,31_frame005391.jpg,1920,1080
i.L.elbow,814,661,31_frame005391.jpg,1920,1080
i.L.wrist,856,601,31_frame005391.jpg,1920,1080
i.L.hip,846,853,31_frame005391.jpg,1920,1080
i.L.knee,907,877,31_frame005391.jpg,1920,1080
i.L.ankle,947,961,31_frame005391.jpg,1920,1080
i.L.eye,745,337,31_frame009486.jpg,1920,1080
i.R.eye,720,335,31_frame009486.jpg,1920,1080
i.L.shoulder,812,399,31_frame009486.jpg,1920,1080
i.L.elbow,822,472,31_frame009486.jpg,1920,1080
i.L.wrist,778,455,31_frame009486.jpg,1920,1080
i.R.shoulder,699,396,31_frame009486.jpg,1920,1080
i.R.elbow,650,430,31_frame009486.jpg,1920,1080
i.R.wrist,678,386,31_frame009486.jpg,1920,1080
i.L.hip,812,539,31_frame009486.jpg,1920,1080
i.L.knee,759,612,31_frame009486.jpg,1920,1080
i.L.ankle,773,707,31_frame009486.jpg,1920,1080
a.R.eye,572,308,31_frame009486.jpg,1920,1080
a.R.shoulder,435,293,31_frame009486.jpg,1920,1080
a.R.elbow,436,509,31_frame009486.jpg,1920,1080
a.R.hip,182,567,31_frame009486.jpg,1920,1080
a.R.knee,540,575,31_frame009486.jpg,1920,1080
a.R.ankle,506,888,31_frame009486.jpg,1920,1080
a.L.ankle,581,839,31_frame009486.jpg,1920,1080
a.L.wrist,542,471,31_frame009486.jpg,1920,1080
a.R.shoulder,681,398,32_frame008694.jpg,1920,1080
a.R.elbow,678,587,32_frame008694.jpg,1920,1080
a.R.hip,605,705,32_frame008694.jpg,1920,1080
a.L.shoulder,531,350,32_frame008694.jpg,1920,1080
i.L.wrist,760,403,32_frame008694.jpg,1920,1080
i.L.shoulder,709,329,32_frame010440.jpg,1920,1080
i.L.elbow,744,377,32_frame010440.jpg,1920,1080
i.L.wrist,733,414,32_frame010440.jpg,1920,1080
i.L.hip,733,442,32_frame010440.jpg,1920,1080
i.L.knee,722,487,32_frame010440.jpg,1920,1080
i.L.ankle,727,538,32_frame010440.jpg,1920,1080
i.R.hip,677,444,32_frame010440.jpg,1920,1080
i.R.knee,682,477,32_frame010440.jpg,1920,1080
i.R.ankle,700,520,32_frame010440.jpg,1920,1080
i.L.eye,1535,1059,33_frame000639.jpg,1920,1080
i.R.eye,1490,1061,33_frame000639.jpg,1920,1080
a.L.shoulder,1091,387,33_frame004491.jpg,1920,1080
a.L.elbow,998,428,33_frame004491.jpg,1920,1080
a.L.wrist,983,349,33_frame004491.jpg,1920,1080
a.L.eye,994,318,33_frame004491.jpg,1920,1080
i.R.eye,836,321,33_frame004491.jpg,1920,1080
i.R.shoulder,808,358,33_frame004491.jpg,1920,1080
i.R.elbow,805,411,33_frame004491.jpg,1920,1080
i.R.wrist,813,452,33_frame004491.jpg,1920,1080
i.R.hip,795,468,33_frame004491.jpg,1920,1080
a.L.eye,848,338,33_frame008982.jpg,1920,1080
a.L.shoulder,924,410,33_frame008982.jpg,1920,1080
i.R.eye,726,334,33_frame008982.jpg,1920,1080
i.R.shoulder,690,365,33_frame008982.jpg,1920,1080
i.R.elbow,728,422,33_frame008982.jpg,1920,1080
i.R.wrist,765,422,33_frame008982.jpg,1920,1080
i.R.hip,687,474,33_frame008982.jpg,1920,1080
a.L.eye,599,44,34_frame001710.jpg,1920,1080
a.R.eye,569,44,34_frame001710.jpg,1920,1080
a.R.shoulder,517,143,34_frame001710.jpg,1920,1080
a.R.elbow,499,260,34_frame001710.jpg,1920,1080
a.R.wrist,540,342,34_frame001710.jpg,1920,1080
a.L.elbow,790,265,34_frame001710.jpg,1920,1080
a.L.wrist,672,335,34_frame001710.jpg,1920,1080
a.R.knee,491,401,34_frame001710.jpg,1920,1080
a.L.knee,646,404,34_frame001710.jpg,1920,1080
a.L.ankle,659,622,34_frame001710.jpg,1920,1080
a.R.ankle,548,607,34_frame001710.jpg,1920,1080
i.L.eye,668,128,34_frame001710.jpg,1920,1080
i.R.eye,646,128,34_frame001710.jpg,1920,1080
i.L.shoulder,728,199,34_frame001710.jpg,1920,1080
i.L.elbow,752,285,34_frame001710.jpg,1920,1080
i.L.wrist,736,354,34_frame001710.jpg,1920,1080
i.R.shoulder,640,193,34_frame001710.jpg,1920,1080
i.R.elbow,615,250,34_frame001710.jpg,1920,1080
i.R.wrist,597,318,34_frame001710.jpg,1920,1080
i.L.ankle,608,468,34_frame001710.jpg,1920,1080
a.L.shoulder,959,69,34_frame009225.jpg,1920,1080
a.L.elbow,1029,210,34_frame009225.jpg,1920,1080
a.L.wrist,881,309,34_frame009225.jpg,1920,1080
a.L.hip,1065,328,34_frame009225.jpg,1920,1080
a.L.knee,854,358,34_frame009225.jpg,1920,1080
a.L.ankle,889,560,34_frame009225.jpg,1920,1080
a.R.wrist,793,269,34_frame009225.jpg,1920,1080
a.R.knee,752,310,34_frame009225.jpg,1920,1080
a.R.ankle,807,545,34_frame009225.jpg,1920,1080
i.L.eye,590,254,34_frame009225.jpg,1920,1080
i.L.shoulder,660,291,34_frame009225.jpg,1920,1080
i.L.elbow,678,372,34_frame009225.jpg,1920,1080
i.L.wrist,596,367,34_frame009225.jpg,1920,1080
i.L.hip,683,424,34_frame009225.jpg,1920,1080
i.L.knee,665,515,34_frame009225.jpg,1920,1080
i.L.ankle,717,611,34_frame009225.jpg,1920,1080
i.R.knee,620,520,34_frame009225.jpg,1920,1080
i.R.ankle,656,603,34_frame009225.jpg,1920,1080
a.L.shoulder,1153,127,34_frame010584.jpg,1920,1080
a.L.elbow,1071,220,34_frame010584.jpg,1920,1080
a.L.hip,1116,315,34_frame010584.jpg,1920,1080
a.L.knee,884,250,34_frame010584.jpg,1920,1080
a.L.ankle,759,404,34_frame010584.jpg,1920,1080
a.R.knee,872,329,34_frame010584.jpg,1920,1080
a.R.ankle,832,552,34_frame010584.jpg,1920,1080
i.R.elbow,999,88,34_frame010584.jpg,1920,1080
i.R.wrist,1053,88,34_frame010584.jpg,1920,1080
i.R.eye,1040,69,34_frame010584.jpg,1920,1080
i.R.hip,904,187,34_frame010584.jpg,1920,1080
a.L.eye,1089,50,34_frame010584.jpg,1920,1080
a.L.eye,693,208,35_frame000801.jpg,1920,1080
a.R.eye,686,208,35_frame000801.jpg,1920,1080
a.L.shoulder,707,225,35_frame000801.jpg,1920,1080
a.R.shoulder,674,228,35_frame000801.jpg,1920,1080
a.R.elbow,657,248,35_frame000801.jpg,1920,1080
a.L.elbow,731,248,35_frame000801.jpg,1920,1080
a.L.wrist,717,267,35_frame000801.jpg,1920,1080
a.R.wrist,669,261,35_frame000801.jpg,1920,1080
a.L.hip,714,282,35_frame000801.jpg,1920,1080
a.R.hip,676,285,35_frame000801.jpg,1920,1080
a.L.knee,724,333,35_frame000801.jpg,1920,1080
a.R.knee,696,335,35_frame000801.jpg,1920,1080
a.L.ankle,732,372,35_frame000801.jpg,1920,1080
a.R.ankle,702,370,35_frame000801.jpg,1920,1080
i.L.shoulder,688,378,35_frame000801.jpg,1920,1080
i.R.shoulder,656,376,35_frame000801.jpg,1920,1080
i.R.eye,670,371,35_frame000801.jpg,1920,1080
i.L.eye,677,371,35_frame000801.jpg,1920,1080
a.L.eye,695,245,35_frame007200.jpg,1920,1080
a.R.wrist,359,195,35_frame007200.jpg,1920,1080
a.L.shoulder,900,754,35_frame007200.jpg,1920,1080
a.L.wrist,263,879,35_frame007200.jpg,1920,1080
i.R.eye,591,527,35_frame007200.jpg,1920,1080
i.R.wrist,541,733,35_frame007200.jpg,1920,1080
i.R.elbow,517,934,35_frame007200.jpg,1920,1080
i.L.eye,832,478,36_frame008622.jpg,1920,1080
i.R.eye,812,472,36_frame008622.jpg,1920,1080
i.L.shoulder,886,514,36_frame008622.jpg,1920,1080
i.L.elbow,897,586,36_frame008622.jpg,1920,1080
i.R.shoulder,807,514,36_frame008622.jpg,1920,1080
i.R.elbow,784,563,36_frame008622.jpg,1920,1080
i.R.wrist,789,605,36_frame008622.jpg,1920,1080
i.L.hip,921,625,36_frame008622.jpg,1920,1080
i.L.knee,913,716,36_frame008622.jpg,1920,1080
i.L.ankle,950,801,36_frame008622.jpg,1920,1080
a.R.eye,172,671,36_frame008622.jpg,1920,1080
a.R.shoulder,172,749,36_frame008622.jpg,1920,1080
a.R.elbow,191,936,36_frame008622.jpg,1920,1080
a.R.wrist,253,865,36_frame008622.jpg,1920,1080
a.L.wrist,220,846,36_frame008622.jpg,1920,1080
a.L.shoulder,31,331,36_frame009927.jpg,1920,1080
a.L.elbow,68,505,36_frame009927.jpg,1920,1080
a.L.knee,12,839,36_frame009927.jpg,1920,1080
a.L.ankle,224,792,36_frame009927.jpg,1920,1080
a.R.ankle,206,731,36_frame009927.jpg,1920,1080
a.L.hip,31,608,36_frame009927.jpg,1920,1080
a.L.eye,1064,252,37_frame003231.jpg,1920,1080
a.R.eye,1038,252,37_frame003231.jpg,1920,1080
a.L.shoulder,1142,340,37_frame003231.jpg,1920,1080
a.L.elbow,1131,511,37_frame003231.jpg,1920,1080
a.L.wrist,1016,550,37_frame003231.jpg,1920,1080
a.L.hip,1178,622,37_frame003231.jpg,1920,1080
i.R.shoulder,967,377,37_frame003231.jpg,1920,1080
i.R.elbow,982,458,37_frame003231.jpg,1920,1080
i.R.wrist,993,511,37_frame003231.jpg,1920,1080
i.L.shoulder,848,366,37_frame003231.jpg,1920,1080
i.L.elbow,820,451,37_frame003231.jpg,1920,1080
i.R.hip,963,519,37_frame003231.jpg,1920,1080
i.L.hip,850,523,37_frame003231.jpg,1920,1080
i.L.eye,764,210,37_frame004707.jpg,1920,1080
i.R.eye,744,210,37_frame004707.jpg,1920,1080
i.R.shoulder,701,235,37_frame004707.jpg,1920,1080
i.R.elbow,671,285,37_frame004707.jpg,1920,1080
i.R.wrist,699,310,37_frame004707.jpg,1920,1080
i.R.hip,702,338,37_frame004707.jpg,1920,1080
i.R.knee,727,420,37_frame004707.jpg,1920,1080
a.L.hip,238,473,37_frame004707.jpg,1920,1080
a.L.knee,362,350,37_frame004707.jpg,1920,1080
a.L.ankle,611,455,37_frame004707.jpg,1920,1080
a.R.ankle,520,718,37_frame004707.jpg,1920,1080
a.R.wrist,173,449,37_frame004707.jpg,1920,1080
a.R.elbow,141,558,37_frame004707.jpg,1920,1080
a.R.eye,117,299,37_frame006228.jpg,1920,1080
a.R.shoulder,31,328,37_frame006228.jpg,1920,1080
a.R.elbow,96,517,37_frame006228.jpg,1920,1080
a.R.wrist,219,464,37_frame006228.jpg,1920,1080
a.L.wrist,162,426,37_frame006228.jpg,1920,1080
a.R.knee,283,556,37_frame006228.jpg,1920,1080
a.R.ankle,360,829,37_frame006228.jpg,1920,1080
a.R.eye,318,71,38_frame001566.jpg,1920,1080
a.R.shoulder,71,587,38_frame001566.jpg,1920,1080
a.L.wrist,416,670,38_frame001566.jpg,1920,1080
i.L.eye,1420,607,38_frame001566.jpg,1920,1080
i.R.eye,1340,604,38_frame001566.jpg,1920,1080
i.L.shoulder,1531,704,38_frame001566.jpg,1920,1080
i.L.elbow,1540,898,38_frame001566.jpg,1920,1080
i.L.wrist,1437,872,38_frame001566.jpg,1920,1080
i.R.shoulder,1279,601,38_frame001566.jpg,1920,1080
i.R.elbow,1146,599,38_frame001566.jpg,1920,1080
i.R.wrist,1228,497,38_frame001566.jpg,1920,1080
i.R.shoulder,863,838,38_frame010215.jpg,1920,1080
i.R.elbow,875,983,38_frame010215.jpg,1920,1080
i.R.wrist,994,976,38_frame010215.jpg,1920,1080
i.R.hip,749,1016,38_frame010215.jpg,1920,1080
i.R.wrist,824,1064,38_frame010215.jpg,1920,1080
i.R.wrist,946,1023,38_frame010215.jpg,1920,1080
i.L.ankle,1071,903,38_frame010215.jpg,1920,1080
i.R.eye,1002,801,38_frame010215.jpg,1920,1080
i.R.shoulder,911,884,38_frame010224.jpg,1920,1080
i.R.elbow,945,1003,38_frame010224.jpg,1920,1080
i.R.wrist,1035,1024,38_frame010224.jpg,1920,1080
i.R.hip,775,1000,38_frame010224.jpg,1920,1080
i.R.knee,849,1079,38_frame010224.jpg,1920,1080
i.L.knee,1082,903,38_frame010224.jpg,1920,1080
i.L.shoulder,907,756,39_frame002088.jpg,1920,1080
i.L.elbow,882,882,39_frame002088.jpg,1920,1080
i.L.hip,944,961,39_frame002088.jpg,1920,1080
i.L.knee,807,895,39_frame002088.jpg,1920,1080
i.L.ankle,841,838,39_frame002088.jpg,1920,1080
i.L.eye,913,629,39_frame002088.jpg,1920,1080
a.L.eye,1483,547,39_frame002088.jpg,1920,1080
a.L.shoulder,1523,853,39_frame002088.jpg,1920,1080
a.L.elbow,1092,903,39_frame002088.jpg,1920,1080
a.L.wrist,1106,795,39_frame002088.jpg,1920,1080
a.R.knee,1361,752,39_frame002088.jpg,1920,1080
a.R.elbow,1395,669,39_frame002088.jpg,1920,1080
a.R.wrist,1203,743,39_frame002088.jpg,1920,1080
a.L.shoulder,385,673,39_frame010665.jpg,1920,1080
a.L.elbow,339,813,39_frame010665.jpg,1920,1080
a.L.wrist,199,791,39_frame010665.jpg,1920,1080
a.R.elbow,257,640,39_frame010665.jpg,1920,1080
a.R.wrist,153,689,39_frame010665.jpg,1920,1080
a.L.hip,454,894,39_frame010665.jpg,1920,1080
a.R.wrist,39,658,39_frame010665.jpg,1920,1080
a.L.wrist,19,531,39_frame010665.jpg,1920,1080
i.L.shoulder,1014,666,40_frame004185.jpg,1920,1080
i.L.elbow,1038,790,40_frame004185.jpg,1920,1080
i.L.wrist,1021,893,40_frame004185.jpg,1920,1080
i.L.shoulder,737,264,40_frame009108.jpg,1920,1080
i.L.hip,738,363,40_frame009108.jpg,1920,1080
i.L.ankle,720,447,40_frame009108.jpg,1920,1080
i.L.knee,723,404,40_frame009108.jpg,1920,1080
i.R.shoulder,841,267,40_frame009108.jpg,1920,1080
i.R.wrist,875,280,40_frame009108.jpg,1920,1080
a.R.shoulder,745,63,41_frame004662.jpg,1920,1080
a.R.elbow,700,187,41_frame004662.jpg,1920,1080
a.R.wrist,739,228,41_frame004662.jpg,1920,1080
a.R.hip,774,293,41_frame004662.jpg,1920,1080
a.R.knee,807,451,41_frame004662.jpg,1920,1080
a.R.ankle,827,578,41_frame004662.jpg,1920,1080
a.L.shoulder,887,69,41_frame004662.jpg,1920,1080
a.L.hip,891,273,41_frame004662.jpg,1920,1080
a.L.knee,936,410,41_frame004662.jpg,1920,1080
a.L.ankle,914,561,41_frame004662.jpg,1920,1080
i.L.eye,1041,481,41_frame004662.jpg,1920,1080
i.L.shoulder,1059,514,41_frame004662.jpg,1920,1080
i.L.elbow,1056,570,41_frame004662.jpg,1920,1080
i.L.wrist,1004,568,41_frame004662.jpg,1920,1080
i.L.hip,1080,599,41_frame004662.jpg,1920,1080
i.L.knee,994,593,41_frame004662.jpg,1920,1080
i.L.ankle,935,605,41_frame004662.jpg,1920,1080
i.R.eye,1027,480,41_frame004662.jpg,1920,1080
a.L.eye,1329,190,41_frame008046.jpg,1920,1080
a.R.eye,1278,190,41_frame008046.jpg,1920,1080
a.L.shoulder,1467,356,41_frame008046.jpg,1920,1080
a.L.elbow,1442,589,41_frame008046.jpg,1920,1080
a.L.wrist,1231,750,41_frame008046.jpg,1920,1080
a.L.hip,1471,712,41_frame008046.jpg,1920,1080
a.L.knee,1276,825,41_frame008046.jpg,1920,1080
a.R.shoulder,1160,317,41_frame008046.jpg,1920,1080
a.R.elbow,1107,507,41_frame008046.jpg,1920,1080
a.R.wrist,1051,553,41_frame008046.jpg,1920,1080
a.R.hip,1147,623,41_frame008046.jpg,1920,1080
a.R.knee,1084,808,41_frame008046.jpg,1920,1080
i.L.eye,814,531,41_frame008046.jpg,1920,1080
i.R.eye,771,529,41_frame008046.jpg,1920,1080
i.L.shoulder,849,592,41_frame008046.jpg,1920,1080
i.L.elbow,885,661,41_frame008046.jpg,1920,1080
i.L.wrist,918,726,41_frame008046.jpg,1920,1080
i.L.hip,849,714,41_frame008046.jpg,1920,1080
i.L.knee,870,738,41_frame008046.jpg,1920,1080
i.L.ankle,731,794,41_frame008046.jpg,1920,1080
i.R.wrist,687,580,41_frame008046.jpg,1920,1080
i.R.elbow,648,649,41_frame008046.jpg,1920,1080
i.R.knee,604,701,41_frame008046.jpg,1920,1080
i.R.ankle,673,780,41_frame008046.jpg,1920,1080
i.R.hip,669,702,41_frame008046.jpg,1920,1080
i.L.eye,1294,620,42_frame006246.jpg,1920,1080
i.R.eye,1231,617,42_frame006246.jpg,1920,1080
i.R.shoulder,1137,686,42_frame006246.jpg,1920,1080
i.R.elbow,1122,819,42_frame006246.jpg,1920,1080
i.R.wrist,1198,911,42_frame006246.jpg,1920,1080
i.L.wrist,1397,863,42_frame006246.jpg,1920,1080
a.L.shoulder,235,188,42_frame006948.jpg,1920,1080
a.L.elbow,293,489,42_frame006948.jpg,1920,1080
a.L.wrist,340,787,42_frame006948.jpg,1920,1080
a.L.hip,292,790,42_frame006948.jpg,1920,1080
i.R.eye,940,602,42_frame006948.jpg,1920,1080
i.R.shoulder,842,636,42_frame006948.jpg,1920,1080
i.R.elbow,799,660,42_frame006948.jpg,1920,1080
i.R.wrist,753,644,42_frame006948.jpg,1920,1080
i.R.ankle,889,803,42_frame006948.jpg,1920,1080
i.R.knee,851,758,42_frame006948.jpg,1920,1080
i.L.knee,985,769,42_frame006948.jpg,1920,1080
i.L.knee,1001,639,42_frame006948.jpg,1920,1080
i.L.wrist,1059,635,42_frame006948.jpg,1920,1080
i.L.shoulder,968,635,42_frame006948.jpg,1920,1080
i.L.ankle,1001,807,42_frame006948.jpg,1920,1080
i.L.eye,1251,453,43_frame002871.jpg,1920,1080
i.R.eye,1229,446,43_frame002871.jpg,1920,1080
i.L.shoulder,1295,491,43_frame002871.jpg,1920,1080
i.L.elbow,1336,541,43_frame002871.jpg,1920,1080
i.L.wrist,1325,589,43_frame002871.jpg,1920,1080
i.L.hip,1296,613,43_frame002871.jpg,1920,1080
i.L.knee,1296,666,43_frame002871.jpg,1920,1080
i.R.shoulder,1216,494,43_frame002871.jpg,1920,1080
i.R.elbow,1196,544,43_frame002871.jpg,1920,1080
i.R.wrist,1169,574,43_frame002871.jpg,1920,1080
i.R.hip,1223,605,43_frame002871.jpg,1920,1080
i.R.knee,1200,660,43_frame002871.jpg,1920,1080
i.R.ankle,1192,730,43_frame002871.jpg,1920,1080
a.L.eye,535,318,43_frame007911.jpg,1920,1080
a.R.eye,496,313,43_frame007911.jpg,1920,1080
a.L.shoulder,625,416,43_frame007911.jpg,1920,1080
a.L.elbow,649,573,43_frame007911.jpg,1920,1080
a.L.wrist,612,597,43_frame007911.jpg,1920,1080
a.R.shoulder,435,401,43_frame007911.jpg,1920,1080
a.R.elbow,416,585,43_frame007911.jpg,1920,1080
i.L.eye,552,448,43_frame007911.jpg,1920,1080
i.R.eye,533,448,43_frame007911.jpg,1920,1080
i.R.shoulder,460,501,43_frame007911.jpg,1920,1080
i.R.elbow,463,559,43_frame007911.jpg,1920,1080
i.R.wrist,514,543,43_frame007911.jpg,1920,1080
i.L.elbow,590,546,43_frame007911.jpg,1920,1080
i.L.wrist,570,519,43_frame007911.jpg,1920,1080
i.L.knee,627,651,43_frame007911.jpg,1920,1080
i.R.knee,432,666,43_frame007911.jpg,1920,1080
i.L.eye,1627,533,43_frame009009.jpg,1920,1080
i.R.eye,1598,531,43_frame009009.jpg,1920,1080
i.L.shoulder,1657,578,43_frame009009.jpg,1920,1080
i.L.elbow,1680,659,43_frame009009.jpg,1920,1080
i.L.wrist,1685,724,43_frame009009.jpg,1920,1080
i.R.shoulder,1551,584,43_frame009009.jpg,1920,1080
i.R.elbow,1533,644,43_frame009009.jpg,1920,1080
i.R.knee,1521,710,43_frame009009.jpg,1920,1080
i.L.hip,1636,741,43_frame009009.jpg,1920,1080
i.L.knee,1621,816,43_frame009009.jpg,1920,1080
i.L.ankle,1620,909,43_frame009009.jpg,1920,1080
i.R.hip,1551,732,43_frame009009.jpg,1920,1080
i.R.knee,1559,811,43_frame009009.jpg,1920,1080
i.R.ankle,1568,900,43_frame009009.jpg,1920,1080
a.L.shoulder,36,181,43_frame009009.jpg,1920,1080
a.L.elbow,204,669,43_frame009009.jpg,1920,1080
a.L.wrist,239,1031,43_frame009009.jpg,1920,1080
a.R.ankle,924,279,44_frame001143.jpg,1920,1080
a.L.ankle,801,76,44_frame003060.jpg,1920,1080
a.R.ankle,857,177,44_frame003060.jpg,1920,1080
a.R.eye,974,506,45_frame003582.jpg,1920,1080
a.R.shoulder,903,607,45_frame003582.jpg,1920,1080
a.R.wrist,1123,737,45_frame003582.jpg,1920,1080
a.R.knee,1272,652,45_frame003582.jpg,1920,1080
a.R.hip,1103,844,45_frame003582.jpg,1920,1080
a.L.ankle,1392,877,45_frame003582.jpg,1920,1080
a.L.knee,1247,615,45_frame003582.jpg,1920,1080
i.L.shoulder,1581,555,45_frame003582.jpg,1920,1080
i.L.elbow,1644,602,45_frame003582.jpg,1920,1080
i.L.wrist,1635,636,45_frame003582.jpg,1920,1080
i.R.shoulder,1510,541,45_frame003582.jpg,1920,1080
a.R.shoulder,972,620,45_frame004572.jpg,1920,1080
a.R.eye,998,521,45_frame004572.jpg,1920,1080
a.R.elbow,1122,767,45_frame004572.jpg,1920,1080
a.R.wrist,1106,689,45_frame004572.jpg,1920,1080
a.R.hip,1062,922,45_frame004572.jpg,1920,1080
a.R.knee,1254,672,45_frame004572.jpg,1920,1080
a.L.knee,1244,642,45_frame004572.jpg,1920,1080
a.R.ankle,1355,922,45_frame004572.jpg,1920,1080
a.L.shoulder,871,563,45_frame004572.jpg,1920,1080
a.L.elbow,790,621,45_frame004572.jpg,1920,1080
a.R.shoulder,928,621,45_frame008838.jpg,1920,1080
a.R.elbow,984,831,45_frame008838.jpg,1920,1080
a.R.wrist,1105,749,45_frame008838.jpg,1920,1080
a.R.hip,998,908,45_frame008838.jpg,1920,1080
a.R.knee,1248,702,45_frame008838.jpg,1920,1080
a.R.ankle,1381,926,45_frame008838.jpg,1920,1080
a.L.knee,1241,640,45_frame008838.jpg,1920,1080
a.L.ankle,1363,824,45_frame008838.jpg,1920,1080
a.R.eye,1012,507,45_frame008838.jpg,1920,1080
a.L.eye,1033,500,45_frame008838.jpg,1920,1080
i.L.eye,1770,355,46_frame002043.jpg,1920,1080
i.R.eye,1739,346,46_frame002043.jpg,1920,1080
i.R.shoulder,1710,371,46_frame002043.jpg,1920,1080
i.R.elbow,1650,402,46_frame002043.jpg,1920,1080
i.R.wrist,1633,463,46_frame002043.jpg,1920,1080
i.R.knee,1694,510,46_frame002043.jpg,1920,1080
i.R.ankle,1650,625,46_frame002043.jpg,1920,1080
i.L.shoulder,1826,407,46_frame002043.jpg,1920,1080
i.L.elbow,1821,481,46_frame002043.jpg,1920,1080
i.L.wrist,1823,545,46_frame002043.jpg,1920,1080
a.R.shoulder,1326,622,46_frame002043.jpg,1920,1080
a.R.elbow,1530,787,46_frame002043.jpg,1920,1080
a.R.wrist,1524,642,46_frame002043.jpg,1920,1080
a.R.hip,1252,1072,46_frame002043.jpg,1920,1080
a.R.knee,1419,875,46_frame002043.jpg,1920,1080
a.L.shoulder,985,550,46_frame002043.jpg,1920,1080
a.L.hip,852,1072,46_frame002043.jpg,1920,1080
a.L.knee,901,791,46_frame002043.jpg,1920,1080
i.L.shoulder,1411,557,46_frame002439.jpg,1920,1080
i.L.elbow,1442,626,46_frame002439.jpg,1920,1080
a.L.knee,1417,719,46_frame002439.jpg,1920,1080
a.L.knee,1271,559,46_frame002439.jpg,1920,1080
a.L.knee,1242,616,46_frame002439.jpg,1920,1080
i.L.wrist,1241,693,46_frame002439.jpg,1920,1080
i.L.knee,1283,633,46_frame002439.jpg,1920,1080
i.R.ankle,1283,705,46_frame002439.jpg,1920,1080
a.R.shoulder,1151,564,46_frame002439.jpg,1920,1080
a.R.elbow,1150,900,46_frame002439.jpg,1920,1080
a.R.hip,1065,1002,46_frame002439.jpg,1920,1080
a.R.knee,1413,771,46_frame002439.jpg,1920,1080
a.L.shoulder,822,503,46_frame002439.jpg,1920,1080
a.L.eye,1067,229,46_frame008307.jpg,1920,1080
a.R.eye,1031,217,46_frame008307.jpg,1920,1080
a.L.shoulder,1149,301,46_frame008307.jpg,1920,1080
a.L.wrist,1126,383,46_frame008307.jpg,1920,1080
a.R.shoulder,923,251,46_frame008307.jpg,1920,1080
a.R.elbow,875,442,46_frame008307.jpg,1920,1080
a.R.wrist,939,554,46_frame008307.jpg,1920,1080
a.L.hip,1000,540,46_frame008307.jpg,1920,1080
a.L.knee,837,636,46_frame008307.jpg,1920,1080
a.R.hip,828,442,46_frame008307.jpg,1920,1080
a.R.knee,807,549,46_frame008307.jpg,1920,1080
i.L.eye,358,364,46_frame008307.jpg,1920,1080
i.L.shoulder,390,469,46_frame008307.jpg,1920,1080
i.L.elbow,313,527,46_frame008307.jpg,1920,1080
i.L.wrist,183,496,46_frame008307.jpg,1920,1080
i.L.hip,421,735,46_frame008307.jpg,1920,1080
i.L.knee,365,828,46_frame008307.jpg,1920,1080
i.L.ankle,425,956,46_frame008307.jpg,1920,1080
i.R.ankle,482,906,46_frame008307.jpg,1920,1080
i.R.knee,475,840,46_frame008307.jpg,1920,1080