a.R.shoulder,86,298,01_frame006867.jpg,1920,1080
a.R.elbow,78,447,01_frame006867.jpg,1920,1080
a.R.wrist,197,440,01_frame006867.jpg,1920,1080
a.R.hip,59,558,01_frame006867.jpg,1920,1080
a.R.knee,317,495,01_frame006867.jpg,1920,1080
a.R.ankle,398,654,01_frame006867.jpg,1920,1080
a.L.ankle,335,661,01_frame006867.jpg,1920,1080
i.R.shoulder,709,457,01_frame006867.jpg,1920,1080
i.L.wrist,698,489,01_frame006867.jpg,1920,1080
i.R.hip,662,501,01_frame006867.jpg,1920,1080
i.L.hip,600,505,01_frame006867.jpg,1920,1080
i.R.shoulder,623,424,01_frame008403.jpg,1920,1080
i.R.elbow,648,459,01_frame008403.jpg,1920,1080
i.R.wrist,694,476,01_frame008403.jpg,1920,1080
i.R.hip,631,512,01_frame008403.jpg,1920,1080
i.L.shoulder,581,432,01_frame008403.jpg,1920,1080
i.L.hip,579,489,01_frame008403.jpg,1920,1080
a.R.shoulder,11,331,01_frame008403.jpg,1920,1080
a.L.wrist,103,457,01_frame008403.jpg,1920,1080
a.L.hip,147,413,01_frame008403.jpg,1920,1080
a.R.hip,75,585,01_frame008403.jpg,1920,1080
a.L.ankle,350,499,01_frame008403.jpg,1920,1080
a.R.ankle,289,669,01_frame008403.jpg,1920,1080
a.L.ankle,233,602,01_frame008403.jpg,1920,1080
a.L.knee,266,449,01_frame008403.jpg,1920,1080
a.R.eye,34,241,01_frame008403.jpg,1920,1080
a.L.shoulder,459,32,01_frame009078.jpg,1920,1080
a.L.elbow,573,141,01_frame009078.jpg,1920,1080
a.L.wrist,524,267,01_frame009078.jpg,1920,1080
a.R.shoulder,265,36,01_frame009078.jpg,1920,1080
a.R.elbow,206,147,01_frame009078.jpg,1920,1080
a.R.wrist,227,242,01_frame009078.jpg,1920,1080
a.R.hip,288,322,01_frame009078.jpg,1920,1080
a.L.hip,480,314,01_frame009078.jpg,1920,1080
a.R.knee,360,564,01_frame009078.jpg,1920,1080
a.L.knee,459,549,01_frame009078.jpg,1920,1080
a.R.ankle,417,663,01_frame009078.jpg,1920,1080
a.L.ankle,470,741,01_frame009078.jpg,1920,1080
i.L.shoulder,757,275,01_frame009078.jpg,1920,1080
i.L.eye,715,227,01_frame009078.jpg,1920,1080
a.L.eye,694,227,01_frame009078.jpg,1920,1080
i.R.shoulder,677,281,01_frame009078.jpg,1920,1080
i.R.elbow,648,319,01_frame009078.jpg,1920,1080
i.R.wrist,664,352,01_frame009078.jpg,1920,1080
i.L.elbow,782,336,01_frame009078.jpg,1920,1080
i.L.wrist,792,363,01_frame009078.jpg,1920,1080
i.L.hip,763,390,01_frame009078.jpg,1920,1080
i.R.hip,679,388,01_frame009078.jpg,1920,1080
i.R.knee,694,474,01_frame009078.jpg,1920,1080
i.L.knee,753,463,01_frame009078.jpg,1920,1080
i.L.ankle,757,518,01_frame009078.jpg,1920,1080
i.R.ankle,696,512,01_frame009078.jpg,1920,1080
a.R.eye,832,296,02_frame002154.jpg,1920,1080
a.R.shoulder,681,388,02_frame002154.jpg,1920,1080
a.R.elbow,610,585,02_frame002154.jpg,1920,1080
a.R.wrist,570,736,02_frame002154.jpg,1920,1080
a.L.elbow,918,403,02_frame002154.jpg,1920,1080
a.L.shoulder,818,365,02_frame002154.jpg,1920,1080
a.L.wrist,1040,453,02_frame002154.jpg,1920,1080
a.L.knee,941,447,02_frame002154.jpg,1920,1080
a.L.ankle,1134,614,02_frame002154.jpg,1920,1080
a.L.hip,780,484,02_frame002154.jpg,1920,1080
a.R.hip,683,652,02_frame002154.jpg,1920,1080
i.R.shoulder,1233,568,02_frame002154.jpg,1920,1080
i.R.elbow,1197,570,02_frame002154.jpg,1920,1080
i.R.wrist,1155,579,02_frame002154.jpg,1920,1080
i.L.shoulder,1333,547,02_frame002154.jpg,1920,1080
i.L.elbow,1379,585,02_frame002154.jpg,1920,1080
i.L.wrist,1373,610,02_frame002154.jpg,1920,1080
i.R.hip,1228,617,02_frame002154.jpg,1920,1080
i.R.knee,1214,644,02_frame002154.jpg,1920,1080
i.R.ankle,1180,734,02_frame002154.jpg,1920,1080
a.R.eye,767,298,02_frame004023.jpg,1920,1080
a.L.eye,797,294,02_frame004023.jpg,1920,1080
a.R.shoulder,706,352,02_frame004023.jpg,1920,1080
a.R.elbow,639,493,02_frame004023.jpg,1920,1080
a.R.wrist,555,621,02_frame004023.jpg,1920,1080
a.L.knee,1056,480,02_frame004023.jpg,1920,1080
a.L.ankle,1065,654,02_frame004023.jpg,1920,1080
i.R.shoulder,757,606,02_frame004023.jpg,1920,1080
i.R.elbow,729,715,02_frame004023.jpg,1920,1080
i.R.wrist,805,673,02_frame004023.jpg,1920,1080
i.R.hip,690,788,02_frame004023.jpg,1920,1080
i.R.knee,820,723,02_frame004023.jpg,1920,1080
i.R.ankle,872,809,02_frame004023.jpg,1920,1080
a.L.eye,753,354,02_frame007881.jpg,1920,1080
a.L.shoulder,903,346,02_frame007881.jpg,1920,1080
a.L.elbow,977,516,02_frame007881.jpg,1920,1080
a.L.wrist,887,635,02_frame007881.jpg,1920,1080
a.R.shoulder,797,434,02_frame007881.jpg,1920,1080
a.R.elbow,799,547,02_frame007881.jpg,1920,1080
a.R.wrist,711,577,02_frame007881.jpg,1920,1080
a.L.hip,1090,476,02_frame007881.jpg,1920,1080
a.L.knee,958,614,02_frame007881.jpg,1920,1080
a.L.ankle,1193,648,02_frame007881.jpg,1920,1080
a.R.knee,920,625,02_frame007881.jpg,1920,1080
i.R.eye,537,472,02_frame007881.jpg,1920,1080
i.L.eye,558,470,02_frame007881.jpg,1920,1080
i.R.shoulder,493,520,02_frame007881.jpg,1920,1080
i.R.elbow,528,575,02_frame007881.jpg,1920,1080
i.R.wrist,547,520,02_frame007881.jpg,1920,1080
i.L.shoulder,579,522,02_frame007881.jpg,1920,1080
i.L.elbow,600,539,02_frame007881.jpg,1920,1080
i.L.wrist,627,549,02_frame007881.jpg,1920,1080
i.R.knee,639,591,02_frame007881.jpg,1920,1080
i.R.ankle,585,643,02_frame007881.jpg,1920,1080
i.L.eye,632,408,04_frame003732.jpg,1920,1080
i.R.eye,562,408,04_frame003732.jpg,1920,1080
i.R.shoulder,501,482,04_frame003732.jpg,1920,1080
i.R.elbow,434,577,04_frame003732.jpg,1920,1080
i.R.wrist,360,594,04_frame003732.jpg,1920,1080
i.L.shoulder,670,531,04_frame003732.jpg,1920,1080
i.L.elbow,705,577,04_frame003732.jpg,1920,1080
i.L.wrist,762,583,04_frame003732.jpg,1920,1080
a.R.wrist,110,358,04_frame003732.jpg,1920,1080
a.L.knee,301,619,04_frame003732.jpg,1920,1080
a.L.eye,1310,362,04_frame004395.jpg,1920,1080
a.R.eye,1251,358,04_frame004395.jpg,1920,1080
a.R.shoulder,1124,349,04_frame004395.jpg,1920,1080
a.R.elbow,968,573,04_frame004395.jpg,1920,1080
a.R.wrist,1118,659,04_frame004395.jpg,1920,1080
a.L.shoulder,1390,425,04_frame004395.jpg,1920,1080
a.L.elbow,1350,621,04_frame004395.jpg,1920,1080
a.L.wrist,1339,697,04_frame004395.jpg,1920,1080
a.R.hip,1074,674,04_frame004395.jpg,1920,1080
a.R.knee,928,747,04_frame004395.jpg,1920,1080
i.L.hip,1126,874,04_frame004395.jpg,1920,1080
a.L.hip,1360,684,04_frame004395.jpg,1920,1080
a.L.knee,1533,771,04_frame004395.jpg,1920,1080
a.L.ankle,1495,1025,04_frame004395.jpg,1920,1080
i.L.eye,1234,1004,04_frame004395.jpg,1920,1080
i.R.eye,1274,983,04_frame004395.jpg,1920,1080
i.L.shoulder,1179,981,04_frame004395.jpg,1920,1080
i.L.elbow,1175,895,04_frame004395.jpg,1920,1080
i.L.wrist,1244,855,04_frame004395.jpg,1920,1080
i.R.shoulder,1381,975,04_frame004395.jpg,1920,1080
i.R.elbow,1387,899,04_frame004395.jpg,1920,1080
i.R.wrist,1337,825,04_frame004395.jpg,1920,1080
i.R.hip,1288,802,04_frame004395.jpg,1920,1080
i.R.knee,1244,716,04_frame004395.jpg,1920,1080
i.L.knee,1097,813,04_frame004395.jpg,1920,1080
i.R.shoulder,1566,722,06_frame002727.jpg,1920,1080
i.R.elbow,1524,813,06_frame002727.jpg,1920,1080
i.R.wrist,1602,863,06_frame002727.jpg,1920,1080
i.R.hip,1442,874,06_frame002727.jpg,1920,1080
i.R.knee,1505,992,06_frame002727.jpg,1920,1080
i.L.hip,1385,863,06_frame002727.jpg,1920,1080
i.L.knee,1423,975,06_frame002727.jpg,1920,1080
i.L.ankle,1394,1061,06_frame002727.jpg,1920,1080
a.L.eye,1684,632,06_frame002727.jpg,1920,1080
a.L.shoulder,1844,716,06_frame002727.jpg,1920,1080
a.L.elbow,1823,954,06_frame002727.jpg,1920,1080
a.L.wrist,1642,989,06_frame002727.jpg,1920,1080
a.L.knee,1766,1074,06_frame002727.jpg,1920,1080
a.L.ankle,1533,994,06_frame002727.jpg,1920,1080
a.R.knee,1350,865,06_frame002727.jpg,1920,1080
a.R.ankle,1156,907,06_frame002727.jpg,1920,1080
a.R.shoulder,764,863,06_frame008163.jpg,1920,1080
a.L.shoulder,928,815,06_frame008163.jpg,1920,1080
a.L.elbow,956,933,06_frame008163.jpg,1920,1080
a.R.eye,983,752,06_frame008163.jpg,1920,1080
i.L.eye,1686,937,06_frame008163.jpg,1920,1080
i.R.eye,1644,935,06_frame008163.jpg,1920,1080
i.R.shoulder,1524,992,06_frame008163.jpg,1920,1080
i.L.shoulder,1663,1032,06_frame008163.jpg,1920,1080
a.L.knee,1042,935,06_frame008163.jpg,1920,1080
a.L.shoulder,1897,112,06_frame011142.jpg,1920,1080
a.L.elbow,1914,253,06_frame011142.jpg,1920,1080
a.L.wrist,1819,274,06_frame011142.jpg,1920,1080
a.R.shoulder,1728,95,06_frame011142.jpg,1920,1080
a.R.knee,1697,192,06_frame011142.jpg,1920,1080
a.R.wrist,1644,200,06_frame011142.jpg,1920,1080
a.L.hip,1851,377,06_frame011142.jpg,1920,1080
a.L.knee,1766,615,06_frame011142.jpg,1920,1080
a.L.ankle,1857,743,06_frame011142.jpg,1920,1080
a.R.hip,1642,375,06_frame011142.jpg,1920,1080
a.R.knee,1608,611,06_frame011142.jpg,1920,1080
a.R.ankle,1590,794,06_frame011142.jpg,1920,1080
a.L.shoulder,1865,274,07_frame005943.jpg,1920,1080
a.L.eye,1781,175,07_frame005943.jpg,1920,1080
a.L.elbow,1872,493,07_frame005943.jpg,1920,1080
a.L.wrist,1760,459,07_frame005943.jpg,1920,1080
a.R.wrist,1670,457,07_frame005943.jpg,1920,1080
a.R.elbow,1766,389,07_frame005943.jpg,1920,1080
a.L.hip,1827,562,07_frame005943.jpg,1920,1080
a.L.knee,1792,905,07_frame005943.jpg,1920,1080
a.L.ankle,1821,1069,07_frame005943.jpg,1920,1080
a.R.ankle,1867,1059,07_frame005943.jpg,1920,1080
i.L.eye,1600,440,07_frame005943.jpg,1920,1080
i.R.eye,1571,463,07_frame005943.jpg,1920,1080
i.L.knee,1707,663,07_frame005943.jpg,1920,1080
i.L.ankle,1707,741,07_frame005943.jpg,1920,1080
i.L.shoulder,1678,474,07_frame005943.jpg,1920,1080
i.L.wrist,1699,535,07_frame005943.jpg,1920,1080
i.R.ankle,1598,617,07_frame005943.jpg,1920,1080
a.R.shoulder,632,269,07_frame009837.jpg,1920,1080
a.R.elbow,728,516,07_frame009837.jpg,1920,1080
a.R.wrist,754,349,07_frame009837.jpg,1920,1080
a.R.hip,644,579,07_frame009837.jpg,1920,1080
a.R.knee,741,922,07_frame009837.jpg,1920,1080
a.L.knee,564,949,07_frame009837.jpg,1920,1080
a.L.hip,476,577,07_frame009837.jpg,1920,1080
a.L.shoulder,444,274,07_frame009837.jpg,1920,1080
a.R.eye,663,126,07_frame009837.jpg,1920,1080
i.L.eye,1099,404,07_frame009837.jpg,1920,1080
i.R.eye,1074,394,07_frame009837.jpg,1920,1080
i.L.shoulder,1181,451,07_frame009837.jpg,1920,1080
i.L.elbow,1162,505,07_frame009837.jpg,1920,1080
i.L.wrist,1097,474,07_frame009837.jpg,1920,1080
i.R.wrist,1059,429,07_frame009837.jpg,1920,1080
i.L.hip,1171,579,07_frame009837.jpg,1920,1080
i.L.knee,1202,617,07_frame009837.jpg,1920,1080
i.L.ankle,1282,674,07_frame009837.jpg,1920,1080
i.L.eye,1126,411,07_frame011049.jpg,1920,1080
i.R.eye,1093,408,07_frame011049.jpg,1920,1080
i.R.shoulder,1036,472,07_frame011049.jpg,1920,1080
i.R.elbow,1027,537,07_frame011049.jpg,1920,1080
i.R.wrist,1065,539,07_frame011049.jpg,1920,1080
i.L.wrist,1173,491,07_frame011049.jpg,1920,1080
i.R.hip,1065,579,07_frame011049.jpg,1920,1080
i.R.knee,1097,640,07_frame011049.jpg,1920,1080
i.R.ankle,1097,745,07_frame011049.jpg,1920,1080
i.L.hip,1192,589,07_frame011049.jpg,1920,1080
i.L.knee,1215,627,07_frame011049.jpg,1920,1080
a.R.elbow,1459,406,07_frame011049.jpg,1920,1080
a.R.knee,1442,821,07_frame011049.jpg,1920,1080
a.R.hip,1474,537,07_frame011049.jpg,1920,1080
a.L.ankle,1215,720,07_frame011049.jpg,1920,1080
a.R.wrist,1303,522,07_frame011049.jpg,1920,1080
i.L.eye,1019,263,08_frame002637.jpg,1920,1080
i.R.eye,977,272,08_frame002637.jpg,1920,1080
i.R.shoulder,865,343,08_frame002637.jpg,1920,1080
i.R.elbow,823,455,08_frame002637.jpg,1920,1080
i.R.wrist,815,383,08_frame002637.jpg,1920,1080
i.L.shoulder,1046,347,08_frame002637.jpg,1920,1080
i.L.elbow,1128,461,08_frame002637.jpg,1920,1080
i.R.wrist,1099,421,08_frame002637.jpg,1920,1080
i.L.hip,1053,560,08_frame002637.jpg,1920,1080
i.R.hip,874,589,08_frame002637.jpg,1920,1080
i.R.knee,872,680,08_frame002637.jpg,1920,1080
i.R.ankle,914,811,08_frame002637.jpg,1920,1080
i.L.hip,1055,621,08_frame002637.jpg,1920,1080
i.L.knee,1059,697,08_frame002637.jpg,1920,1080
i.L.ankle,1086,851,08_frame002637.jpg,1920,1080
i.L.eye,977,276,08_frame006534.jpg,1920,1080
i.R.eye,939,278,08_frame006534.jpg,1920,1080
i.L.shoulder,1057,335,08_frame006534.jpg,1920,1080
i.L.elbow,1017,413,08_frame006534.jpg,1920,1080
i.L.wrist,903,402,08_frame006534.jpg,1920,1080
i.R.wrist,840,400,08_frame006534.jpg,1920,1080
i.R.elbow,836,436,08_frame006534.jpg,1920,1080
i.L.ankle,914,541,08_frame006534.jpg,1920,1080
i.L.knee,1095,699,08_frame006534.jpg,1920,1080
i.R.knee,918,695,08_frame006534.jpg,1920,1080
i.L.ankle,1004,808,08_frame006534.jpg,1920,1080
i.R.ankle,1027,800,08_frame006534.jpg,1920,1080
i.L.eye,1213,147,09_frame007446.jpg,1920,1080
i.L.shoulder,1305,198,09_frame007446.jpg,1920,1080
i.L.elbow,1307,282,09_frame007446.jpg,1920,1080
i.L.wrist,1240,322,09_frame007446.jpg,1920,1080
i.L.hip,1297,316,09_frame007446.jpg,1920,1080
i.L.knee,1251,392,09_frame007446.jpg,1920,1080
i.L.ankle,1244,453,09_frame007446.jpg,1920,1080
i.R.shoulder,1242,185,09_frame007446.jpg,1920,1080
i.R.wrist,1171,198,09_frame007446.jpg,1920,1080
a.L.eye,1741,61,09_frame007446.jpg,1920,1080
a.L.shoulder,1876,91,09_frame007446.jpg,1920,1080
a.L.elbow,1821,318,09_frame007446.jpg,1920,1080
a.L.wrist,1655,282,09_frame007446.jpg,1920,1080
a.L.hip,1918,356,09_frame007446.jpg,1920,1080
a.L.knee,1728,360,09_frame007446.jpg,1920,1080
a.L.ankle,1686,648,09_frame007446.jpg,1920,1080
a.R.elbow,1670,183,09_frame007446.jpg,1920,1080
a.R.wrist,1608,251,09_frame007446.jpg,1920,1080
a.R.shoulder,1718,53,09_frame007446.jpg,1920,1080
a.R.knee,1541,232,09_frame007446.jpg,1920,1080
a.R.hip,1684,309,09_frame007446.jpg,1920,1080
a.R.ankle,1505,446,09_frame007446.jpg,1920,1080
i.R.eye,1731,242,10_frame003765.jpg,1920,1080
i.L.eye,1747,246,10_frame003765.jpg,1920,1080
i.R.shoulder,1707,257,10_frame003765.jpg,1920,1080
i.R.elbow,1676,288,10_frame003765.jpg,1920,1080
i.R.wrist,1667,314,10_frame003765.jpg,1920,1080
i.L.shoulder,1752,263,10_frame003765.jpg,1920,1080
i.L.wrist,1785,259,10_frame003765.jpg,1920,1080
i.L.wrist,1815,259,10_frame003765.jpg,1920,1080
i.R.hip,1699,335,10_frame003765.jpg,1920,1080
i.L.hip,1756,333,10_frame003765.jpg,1920,1080
i.R.knee,1705,377,10_frame003765.jpg,1920,1080
i.R.ankle,1691,423,10_frame003765.jpg,1920,1080
i.L.knee,1766,364,10_frame003765.jpg,1920,1080
i.L.ankle,1728,394,10_frame003765.jpg,1920,1080
a.R.shoulder,1878,255,10_frame003765.jpg,1920,1080
a.L.hip,1200,120,10_frame006672.jpg,1920,1080
a.L.knee,1168,251,10_frame006672.jpg,1920,1080
a.L.ankle,1173,345,10_frame006672.jpg,1920,1080
a.R.knee,1225,257,10_frame006672.jpg,1920,1080
a.R.ankle,1223,362,10_frame006672.jpg,1920,1080
a.R.hip,1278,131,10_frame006672.jpg,1920,1080
i.L.eye,1091,181,10_frame006672.jpg,1920,1080
i.R.eye,1074,181,10_frame006672.jpg,1920,1080
i.R.shoulder,1048,200,10_frame006672.jpg,1920,1080
a.L.shoulder,1091,57,10_frame006672.jpg,1920,1080
a.L.elbow,1124,149,10_frame006672.jpg,1920,1080
a.L.wrist,1131,217,10_frame006672.jpg,1920,1080
a.L.eye,1398,259,10_frame007185.jpg,1920,1080
a.L.shoulder,1488,278,10_frame007185.jpg,1920,1080
a.L.shoulder,1491,394,10_frame007185.jpg,1920,1080
a.L.wrist,1413,423,10_frame007185.jpg,1920,1080
a.L.hip,1522,425,10_frame007185.jpg,1920,1080
a.L.knee,1459,451,10_frame007185.jpg,1920,1080
a.R.knee,1381,299,10_frame007185.jpg,1920,1080
a.R.ankle,1383,425,10_frame007185.jpg,1920,1080
i.R.eye,1248,213,10_frame007185.jpg,1920,1080
i.R.shoulder,1204,242,10_frame007185.jpg,1920,1080
i.R.elbow,1175,276,10_frame007185.jpg,1920,1080
i.R.wrist,1190,295,10_frame007185.jpg,1920,1080
i.L.shoulder,1263,251,10_frame007185.jpg,1920,1080
i.L.elbow,1265,282,10_frame007185.jpg,1920,1080
i.L.hip,1261,318,10_frame007185.jpg,1920,1080
i.R.hip,1198,320,10_frame007185.jpg,1920,1080
i.L.knee,1261,381,10_frame007185.jpg,1920,1080
i.L.eye,790,705,11_frame002730.jpg,1920,1080
a.R.elbow,880,949,11_frame002730.jpg,1920,1080
a.R.wrist,914,789,11_frame002730.jpg,1920,1080
i.L.eye,891,611,11_frame002730.jpg,1920,1080
i.R.eye,846,594,11_frame002730.jpg,1920,1080
i.L.shoulder,939,703,11_frame002730.jpg,1920,1080
i.L.elbow,960,768,11_frame002730.jpg,1920,1080
i.L.wrist,968,832,11_frame002730.jpg,1920,1080
i.R.shoulder,808,663,11_frame002730.jpg,1920,1080
a.L.shoulder,495,615,11_frame002730.jpg,1920,1080
a.R.knee,1080,876,11_frame002730.jpg,1920,1080
a.R.hip,798,1059,11_frame002730.jpg,1920,1080
a.L.hip,453,1015,11_frame002730.jpg,1920,1080
a.L.eye,1448,57,11_frame007626.jpg,1920,1080
a.R.eye,1427,57,11_frame007626.jpg,1920,1080
a.R.shoulder,1352,82,11_frame007626.jpg,1920,1080
a.R.elbow,1305,131,11_frame007626.jpg,1920,1080
a.L.shoulder,1501,91,11_frame007626.jpg,1920,1080
a.L.elbow,1585,171,11_frame007626.jpg,1920,1080
a.L.hip,1512,238,11_frame007626.jpg,1920,1080
a.R.hip,1356,227,11_frame007626.jpg,1920,1080
a.R.knee,1339,274,11_frame007626.jpg,1920,1080
i.L.eye,1263,215,11_frame007626.jpg,1920,1080
i.L.shoulder,1299,265,11_frame007626.jpg,1920,1080
i.L.elbow,1276,291,11_frame007626.jpg,1920,1080
i.L.wrist,1219,274,11_frame007626.jpg,1920,1080
a.L.eye,1394,27,11_frame010239.jpg,1920,1080
a.L.shoulder,1432,95,11_frame010239.jpg,1920,1080
a.L.elbow,1448,202,11_frame010239.jpg,1920,1080
a.R.wrist,1360,147,11_frame010239.jpg,1920,1080
a.L.hip,1501,259,11_frame010239.jpg,1920,1080
a.L.knee,1322,301,11_frame010239.jpg,1920,1080
a.R.knee,1280,282,11_frame010239.jpg,1920,1080
i.L.shoulder,1128,293,11_frame010239.jpg,1920,1080
i.L.hip,1114,423,11_frame010239.jpg,1920,1080
i.R.hip,1211,442,11_frame010239.jpg,1920,1080
i.R.shoulder,1227,312,11_frame010239.jpg,1920,1080
i.L.ankle,1124,589,11_frame010239.jpg,1920,1080
i.R.ankle,1183,581,11_frame010239.jpg,1920,1080
a.L.shoulder,1296,884,12_frame002379.jpg,1920,1080
a.L.elbow,1262,1062,12_frame002379.jpg,1920,1080
a.L.eye,1152,747,12_frame002379.jpg,1920,1080
a.R.wrist,1149,1012,12_frame002379.jpg,1920,1080
a.L.hip,1430,1062,12_frame002379.jpg,1920,1080
i.L.eye,1379,884,12_frame002946.jpg,1920,1080
i.R.eye,1322,846,12_frame002946.jpg,1920,1080
i.R.shoulder,1244,899,12_frame002946.jpg,1920,1080
i.R.elbow,1128,977,12_frame002946.jpg,1920,1080
i.R.wrist,1072,998,12_frame002946.jpg,1920,1080
i.L.wrist,1518,1015,12_frame002946.jpg,1920,1080
a.R.shoulder,234,592,12_frame003585.jpg,1920,1080
a.R.elbow,341,800,12_frame003585.jpg,1920,1080
a.L.eye,558,829,12_frame003585.jpg,1920,1080
a.L.elbow,392,611,12_frame003585.jpg,1920,1080
a.L.wrist,533,543,12_frame003585.jpg,1920,1080
a.L.shoulder,331,474,12_frame003585.jpg,1920,1080
a.L.knee,682,676,12_frame003585.jpg,1920,1080
a.L.hip,423,716,12_frame003585.jpg,1920,1080
i.R.eye,895,625,12_frame003585.jpg,1920,1080
i.L.wrist,950,621,12_frame003585.jpg,1920,1080
i.L.wrist,823,632,12_frame003585.jpg,1920,1080
i.L.wrist,834,707,12_frame003585.jpg,1920,1080
i.L.wrist,874,764,12_frame003585.jpg,1920,1080
i.L.wrist,950,581,12_frame003585.jpg,1920,1080
i.L.wrist,1002,611,12_frame003585.jpg,1920,1080
i.L.wrist,994,699,12_frame003585.jpg,1920,1080
i.L.wrist,760,682,12_frame003585.jpg,1920,1080
a.R.shoulder,914,800,13_frame000297.jpg,1920,1080
a.R.elbow,1040,1080,13_frame000297.jpg,1920,1080
a.R.wrist,1027,876,13_frame000297.jpg,1920,1080
a.L.shoulder,672,560,13_frame000297.jpg,1920,1080
a.R.eye,1074,497,13_frame000297.jpg,1920,1080
i.L.eye,1406,838,13_frame000297.jpg,1920,1080
i.L.shoulder,1425,1004,13_frame000297.jpg,1920,1080
a.L.shoulder,208,122,13_frame009408.jpg,1920,1080
a.L.elbow,236,299,13_frame009408.jpg,1920,1080
a.L.hip,156,465,13_frame009408.jpg,1920,1080
a.L.knee,13,611,13_frame009408.jpg,1920,1080
a.L.ankle,107,968,13_frame009408.jpg,1920,1080
i.R.eye,958,560,14_frame000390.jpg,1920,1080
i.L.eye,985,549,14_frame000390.jpg,1920,1080
i.R.shoulder,910,623,14_frame000390.jpg,1920,1080
i.R.elbow,935,688,14_frame000390.jpg,1920,1080
i.R.wrist,1002,733,14_frame000390.jpg,1920,1080
i.L.wrist,1013,606,14_frame000390.jpg,1920,1080
i.R.hip,897,741,14_frame000390.jpg,1920,1080
i.R.knee,1006,768,14_frame000390.jpg,1920,1080
i.L.knee,1032,697,14_frame000390.jpg,1920,1080
i.R.ankle,1101,821,14_frame000390.jpg,1920,1080
i.L.ankle,1160,739,14_frame000390.jpg,1920,1080
a.L.shoulder,1371,703,14_frame000390.jpg,1920,1080
a.L.elbow,1337,983,14_frame000390.jpg,1920,1080
a.L.wrist,1280,922,14_frame000390.jpg,1920,1080
a.L.hip,1400,1072,14_frame000390.jpg,1920,1080
a.L.knee,1059,945,14_frame000390.jpg,1920,1080
a.R.wrist,1284,756,14_frame000390.jpg,1920,1080
i.R.eye,1046,613,14_frame001383.jpg,1920,1080
i.R.shoulder,945,638,14_frame001383.jpg,1920,1080
i.R.elbow,907,707,14_frame001383.jpg,1920,1080
i.R.wrist,943,758,14_frame001383.jpg,1920,1080
i.R.hip,966,752,14_frame001383.jpg,1920,1080
i.R.knee,1048,783,14_frame001383.jpg,1920,1080
i.R.ankle,1141,813,14_frame001383.jpg,1920,1080
i.L.elbow,1097,686,14_frame001383.jpg,1920,1080
i.L.shoulder,1078,638,14_frame001383.jpg,1920,1080
i.L.wrist,1152,720,14_frame001383.jpg,1920,1080
i.L.knee,1103,707,14_frame001383.jpg,1920,1080
i.L.ankle,1179,724,14_frame001383.jpg,1920,1080
i.L.hip,1067,718,14_frame001383.jpg,1920,1080
i.R.eye,1004,577,14_frame001500.jpg,1920,1080
i.R.shoulder,950,638,14_frame001500.jpg,1920,1080
i.R.elbow,1011,705,14_frame001500.jpg,1920,1080
i.R.wrist,1065,667,14_frame001500.jpg,1920,1080
i.R.hip,945,766,14_frame001500.jpg,1920,1080
i.R.knee,1034,768,14_frame001500.jpg,1920,1080
i.R.ankle,1124,819,14_frame001500.jpg,1920,1080
i.L.ankle,1164,712,14_frame001500.jpg,1920,1080
i.L.knee,1097,697,14_frame001500.jpg,1920,1080
i.L.shoulder,1034,611,14_frame001500.jpg,1920,1080
i.L.wrist,1110,636,14_frame001500.jpg,1920,1080
a.R.shoulder,1838,261,15_frame003570.jpg,1920,1080
a.R.elbow,1865,366,15_frame003570.jpg,1920,1080
a.R.shoulder,600,726,15_frame003909.jpg,1920,1080
a.R.elbow,598,848,15_frame003909.jpg,1920,1080
a.R.hip,568,905,15_frame003909.jpg,1920,1080
a.L.shoulder,444,672,15_frame003909.jpg,1920,1080
a.L.elbow,398,802,15_frame003909.jpg,1920,1080
a.L.hip,430,897,15_frame003909.jpg,1920,1080
a.R.knee,682,886,15_frame003909.jpg,1920,1080
a.R.ankle,657,968,15_frame003909.jpg,1920,1080
a.R.shoulder,994,726,15_frame003990.jpg,1920,1080
a.R.elbow,1038,876,15_frame003990.jpg,1920,1080
a.R.wrist,1101,952,15_frame003990.jpg,1920,1080
a.L.shoulder,813,703,15_frame003990.jpg,1920,1080
a.L.elbow,752,842,15_frame003990.jpg,1920,1080
a.L.wrist,705,901,15_frame003990.jpg,1920,1080
a.L.hip,792,905,15_frame003990.jpg,1920,1080
a.R.hip,928,939,15_frame003990.jpg,1920,1080
a.L.ankle,705,960,15_frame003990.jpg,1920,1080
a.L.eye,1760,669,16_frame003273.jpg,1920,1080
a.L.eye,194,903,16_frame004431.jpg,1920,1080
a.R.eye,145,945,16_frame004431.jpg,1920,1080
a.L.shoulder,438,838,16_frame004431.jpg,1920,1080
a.R.shoulder,103,958,16_frame004431.jpg,1920,1080
a.L.shoulder,1743,539,17_frame002007.jpg,1920,1080
a.L.knee,1406,686,17_frame002007.jpg,1920,1080
a.L.ankle,1512,926,17_frame002007.jpg,1920,1080
i.L.eye,1655,484,17_frame002007.jpg,1920,1080
i.L.elbow,1667,613,17_frame002007.jpg,1920,1080
i.L.shoulder,1670,549,17_frame002007.jpg,1920,1080
a.L.hip,1665,806,17_frame002007.jpg,1920,1080
a.L.shoulder,802,72,17_frame003375.jpg,1920,1080
a.L.elbow,872,187,17_frame003375.jpg,1920,1080
a.L.hip,893,265,17_frame003375.jpg,1920,1080
a.L.hip,926,282,17_frame003375.jpg,1920,1080
a.L.knee,882,455,17_frame003375.jpg,1920,1080
a.L.ankle,886,592,17_frame003375.jpg,1920,1080
i.L.eye,799,371,17_frame003375.jpg,1920,1080
i.R.eye,782,369,17_frame003375.jpg,1920,1080
i.R.shoulder,750,396,17_frame003375.jpg,1920,1080
i.R.elbow,737,446,17_frame003375.jpg,1920,1080
i.R.wrist,764,442,17_frame003375.jpg,1920,1080
i.L.shoulder,808,404,17_frame003375.jpg,1920,1080
i.L.wrist,828,430,17_frame003375.jpg,1920,1080
i.R.hip,760,487,17_frame003375.jpg,1920,1080
i.L.hip,802,489,17_frame003375.jpg,1920,1080
i.L.knee,813,551,17_frame003375.jpg,1920,1080
i.R.knee,750,539,17_frame003375.jpg,1920,1080
a.R.elbow,251,23,18_frame001881.jpg,1920,1080
a.R.wrist,381,126,18_frame001881.jpg,1920,1080
a.R.hip,537,192,18_frame001881.jpg,1920,1080
a.R.knee,590,269,18_frame001881.jpg,1920,1080
a.L.knee,731,234,18_frame001881.jpg,1920,1080
a.L.wrist,661,91,18_frame001881.jpg,1920,1080
i.L.shoulder,804,173,18_frame001881.jpg,1920,1080
i.R.shoulder,945,187,18_frame001881.jpg,1920,1080
i.R.elbow,977,255,18_frame001881.jpg,1920,1080
i.L.hip,825,371,18_frame001881.jpg,1920,1080
i.R.hip,952,383,18_frame001881.jpg,1920,1080
i.L.knee,872,495,18_frame001881.jpg,1920,1080
i.R.knee,960,495,18_frame001881.jpg,1920,1080
i.R.ankle,945,596,18_frame001881.jpg,1920,1080
a.R.shoulder,964,42,19_frame001608.jpg,1920,1080
a.R.elbow,903,168,19_frame001608.jpg,1920,1080
a.R.wrist,1023,200,19_frame001608.jpg,1920,1080
a.L.shoulder,1133,44,19_frame001608.jpg,1920,1080
a.L.elbow,1164,175,19_frame001608.jpg,1920,1080
a.L.wrist,1135,175,19_frame001608.jpg,1920,1080
a.L.hip,1105,280,19_frame001608.jpg,1920,1080
a.R.hip,952,267,19_frame001608.jpg,1920,1080
a.R.knee,954,486,19_frame001608.jpg,1920,1080
a.R.ankle,958,678,19_frame001608.jpg,1920,1080
a.L.ankle,1063,665,19_frame001608.jpg,1920,1080
a.L.knee,1055,476,19_frame001608.jpg,1920,1080
i.L.shoulder,1400,949,19_frame001608.jpg,1920,1080
i.L.elbow,1368,1013,19_frame001608.jpg,1920,1080
i.L.hip,1486,1019,19_frame001608.jpg,1920,1080
i.R.hip,1613,985,19_frame001608.jpg,1920,1080
i.R.shoulder,1510,907,19_frame001608.jpg,1920,1080
i.R.ankle,587,527,19_frame003432.jpg,1920,1080
i.R.elbow,489,517,19_frame003432.jpg,1920,1080
i.R.wrist,543,521,19_frame003432.jpg,1920,1080
i.R.eye,488,417,19_frame003432.jpg,1920,1080
a.L.eye,863,281,19_frame003432.jpg,1920,1080
a.R.eye,839,278,19_frame003432.jpg,1920,1080
a.L.shoulder,924,340,19_frame003432.jpg,1920,1080
a.R.shoulder,984,442,19_frame003432.jpg,1920,1080
a.L.wrist,922,475,19_frame003432.jpg,1920,1080
a.R.shoulder,809,339,19_frame003432.jpg,1920,1080
a.R.elbow,780,440,19_frame003432.jpg,1920,1080
a.R.wrist,817,475,19_frame003432.jpg,1920,1080
a.R.knee,743,553,19_frame003432.jpg,1920,1080
a.L.knee,793,573,19_frame003432.jpg,1920,1080
a.L.hip,954,511,19_frame003432.jpg,1920,1080
i.L.eye,858,382,19_frame006615.jpg,1920,1080
i.R.eye,843,380,19_frame006615.jpg,1920,1080
i.L.shoulder,886,428,19_frame006615.jpg,1920,1080
i.L.elbow,906,440,19_frame006615.jpg,1920,1080
i.L.hip,873,547,19_frame006615.jpg,1920,1080
i.R.hip,801,536,19_frame006615.jpg,1920,1080
i.R.knee,787,579,19_frame006615.jpg,1920,1080
i.R.ankle,808,642,19_frame006615.jpg,1920,1080
i.L.knee,882,593,19_frame006615.jpg,1920,1080
i.L.ankle,892,661,19_frame006615.jpg,1920,1080
i.L.elbow,787,398,19_frame006615.jpg,1920,1080
i.R.shoulder,830,412,19_frame006615.jpg,1920,1080
i.R.wrist,767,376,19_frame006615.jpg,1920,1080
a.L.eye,853,298,19_frame006615.jpg,1920,1080
a.R.eye,835,298,19_frame006615.jpg,1920,1080
a.R.shoulder,789,351,19_frame006615.jpg,1920,1080
a.R.elbow,771,470,19_frame006615.jpg,1920,1080
a.R.knee,714,515,19_frame006615.jpg,1920,1080
a.L.knee,940,518,19_frame006615.jpg,1920,1080
a.L.shoulder,902,363,19_frame006615.jpg,1920,1080
a.L.elbow,928,456,19_frame006615.jpg,1920,1080
i.L.shoulder,476,472,20_frame002904.jpg,1920,1080
i.L.elbow,463,552,20_frame002904.jpg,1920,1080
i.R.shoulder,592,457,20_frame002904.jpg,1920,1080
i.R.elbow,665,516,20_frame002904.jpg,1920,1080
i.R.hip,644,592,20_frame002904.jpg,1920,1080
i.L.hip,545,615,20_frame002904.jpg,1920,1080
i.L.knee,581,705,20_frame002904.jpg,1920,1080
i.L.ankle,602,792,20_frame002904.jpg,1920,1080
i.R.knee,657,672,20_frame002904.jpg,1920,1080
i.R.ankle,655,745,20_frame002904.jpg,1920,1080
a.L.eye,1102,178,20_frame002904.jpg,1920,1080
a.R.eye,1077,178,20_frame002904.jpg,1920,1080
a.L.shoulder,1173,238,20_frame002904.jpg,1920,1080
a.L.elbow,1165,365,20_frame002904.jpg,1920,1080
a.L.wrist,1105,402,20_frame002904.jpg,1920,1080
a.L.knee,1236,390,20_frame002904.jpg,1920,1080
a.R.knee,960,414,20_frame002904.jpg,1920,1080
a.R.wrist,946,368,20_frame002904.jpg,1920,1080
a.R.elbow,973,306,20_frame002904.jpg,1920,1080
a.R.shoulder,1019,223,20_frame002904.jpg,1920,1080
a.R.hip,1014,377,20_frame002904.jpg,1920,1080
a.L.ankle,1070,464,20_frame002904.jpg,1920,1080
a.R.shoulder,535,238,20_frame004833.jpg,1920,1080
a.R.elbow,590,404,20_frame004833.jpg,1920,1080
a.R.knee,760,295,20_frame004833.jpg,1920,1080
a.R.ankle,880,474,20_frame004833.jpg,1920,1080
a.R.hip,634,459,20_frame004833.jpg,1920,1080
a.R.eye,552,158,20_frame004833.jpg,1920,1080
i.L.shoulder,823,360,20_frame004833.jpg,1920,1080
a.L.knee,777,265,20_frame009429.jpg,1920,1080
a.R.hip,642,67,20_frame009429.jpg,1920,1080
a.L.hip,728,80,20_frame009429.jpg,1920,1080
i.L.shoulder,1156,215,21_frame009408.jpg,1920,1080
i.R.shoulder,1293,213,21_frame009408.jpg,1920,1080
i.L.hip,1135,349,21_frame009408.jpg,1920,1080
i.R.hip,1291,377,21_frame009408.jpg,1920,1080
i.L.elbow,1101,259,21_frame009408.jpg,1920,1080
a.R.eye,571,298,22_frame002457.jpg,1920,1080
a.L.eye,618,294,22_frame002457.jpg,1920,1080
a.R.shoulder,464,338,22_frame002457.jpg,1920,1080
a.R.elbow,494,502,22_frame002457.jpg,1920,1080
a.R.wrist,589,545,22_frame002457.jpg,1920,1080
a.L.shoulder,672,319,22_frame002457.jpg,1920,1080
a.L.elbow,757,472,22_frame002457.jpg,1920,1080
a.L.wrist,708,494,22_frame002457.jpg,1920,1080
a.L.hip,669,491,22_frame002457.jpg,1920,1080
a.R.hip,490,521,22_frame002457.jpg,1920,1080
i.L.eye,1004,422,22_frame002457.jpg,1920,1080
i.R.eye,973,422,22_frame002457.jpg,1920,1080
i.R.shoulder,919,428,22_frame002457.jpg,1920,1080
i.R.elbow,885,488,22_frame002457.jpg,1920,1080
i.R.wrist,854,552,22_frame002457.jpg,1920,1080
i.L.shoulder,1063,420,22_frame002457.jpg,1920,1080
i.L.elbow,1105,487,22_frame002457.jpg,1920,1080
i.L.wrist,1118,528,22_frame002457.jpg,1920,1080
i.L.hip,1077,569,22_frame002457.jpg,1920,1080
i.R.hip,927,560,22_frame002457.jpg,1920,1080
i.R.knee,952,714,22_frame002457.jpg,1920,1080
i.L.knee,1035,705,22_frame002457.jpg,1920,1080
i.R.ankle,947,784,22_frame002457.jpg,1920,1080
i.L.ankle,1040,755,22_frame002457.jpg,1920,1080
a.L.knee,568,567,22_frame002457.jpg,1920,1080
a.L.ankle,527,776,22_frame002457.jpg,1920,1080
a.R.ankle,653,798,22_frame002457.jpg,1920,1080
a.R.eye,825,374,22_frame004515.jpg,1920,1080
a.L.eye,867,371,22_frame004515.jpg,1920,1080
a.R.shoulder,687,422,22_frame004515.jpg,1920,1080
a.R.elbow,686,616,22_frame004515.jpg,1920,1080
a.R.knee,664,710,22_frame004515.jpg,1920,1080
a.L.knee,1033,662,22_frame004515.jpg,1920,1080
a.L.shoulder,927,413,22_frame004515.jpg,1920,1080
a.L.elbow,947,567,22_frame004515.jpg,1920,1080
i.L.eye,822,521,22_frame004515.jpg,1920,1080
i.R.eye,795,530,22_frame004515.jpg,1920,1080
i.R.shoulder,765,562,22_frame004515.jpg,1920,1080
i.R.elbow,714,604,22_frame004515.jpg,1920,1080
i.R.wrist,765,623,22_frame004515.jpg,1920,1080
i.L.shoulder,878,551,22_frame004515.jpg,1920,1080
i.L.elbow,927,588,22_frame004515.jpg,1920,1080
i.L.wrist,901,608,22_frame004515.jpg,1920,1080
i.R.ankle,887,768,22_frame004515.jpg,1920,1080
a.L.wrist,968,653,22_frame004515.jpg,1920,1080
a.R.shoulder,661,435,22_frame004557.jpg,1920,1080
a.R.elbow,690,611,22_frame004557.jpg,1920,1080
a.R.wrist,776,655,22_frame004557.jpg,1920,1080
i.R.eye,782,522,22_frame004557.jpg,1920,1080
i.L.eye,821,511,22_frame004557.jpg,1920,1080
a.L.shoulder,910,406,22_frame004557.jpg,1920,1080
a.L.eye,855,375,22_frame004557.jpg,1920,1080
a.R.eye,826,375,22_frame004557.jpg,1920,1080
a.L.elbow,923,564,22_frame004557.jpg,1920,1080
i.R.ankle,884,771,22_frame004557.jpg,1920,1080
i.L.ankle,931,768,22_frame004557.jpg,1920,1080
i.L.knee,939,690,22_frame004557.jpg,1920,1080
i.R.knee,850,692,22_frame004557.jpg,1920,1080
a.R.knee,685,695,22_frame004557.jpg,1920,1080
a.L.knee,1057,684,22_frame004557.jpg,1920,1080
i.R.wrist,758,634,22_frame004557.jpg,1920,1080
i.R.eye,858,375,23_frame001119.jpg,1920,1080
i.R.shoulder,823,418,23_frame001119.jpg,1920,1080
i.R.elbow,834,480,23_frame001119.jpg,1920,1080
i.R.wrist,887,484,23_frame001119.jpg,1920,1080
i.R.hip,801,510,23_frame001119.jpg,1920,1080
i.R.knee,899,511,23_frame001119.jpg,1920,1080
i.L.wrist,880,454,23_frame001119.jpg,1920,1080
a.L.eye,1105,300,23_frame001119.jpg,1920,1080
a.L.shoulder,1217,325,23_frame001119.jpg,1920,1080
a.L.elbow,1171,472,23_frame001119.jpg,1920,1080
a.L.wrist,1038,497,23_frame001119.jpg,1920,1080
a.L.hip,1320,519,23_frame001119.jpg,1920,1080
a.L.knee,1126,529,23_frame001119.jpg,1920,1080
a.R.elbow,1116,415,23_frame001119.jpg,1920,1080
a.R.wrist,1035,474,23_frame001119.jpg,1920,1080
a.R.hip,1211,452,23_frame001119.jpg,1920,1080
a.R.knee,1083,453,23_frame001119.jpg,1920,1080
a.L.wrist,248,339,23_frame002643.jpg,1920,1080
a.L.elbow,261,17,23_frame002643.jpg,1920,1080
a.L.hip,192,375,23_frame002643.jpg,1920,1080
a.L.knee,141,787,23_frame002643.jpg,1920,1080
a.R.knee,13,832,23_frame002643.jpg,1920,1080
a.L.knee,1663,276,23_frame008898.jpg,1920,1080
a.R.knee,1566,241,23_frame008898.jpg,1920,1080
a.R.knee,1552,274,23_frame008898.jpg,1920,1080
a.R.ankle,1526,448,23_frame008898.jpg,1920,1080
a.L.elbow,1731,219,23_frame008898.jpg,1920,1080
a.L.wrist,1619,219,23_frame008898.jpg,1920,1080
i.R.wrist,1692,149,23_frame008898.jpg,1920,1080
i.R.elbow,1681,175,23_frame008898.jpg,1920,1080
i.L.eye,1750,125,23_frame008898.jpg,1920,1080
a.L.eye,973,514,25_frame006009.jpg,1920,1080
a.L.shoulder,1099,585,25_frame006009.jpg,1920,1080
a.L.elbow,1107,737,25_frame006009.jpg,1920,1080
a.L.wrist,728,777,25_frame006009.jpg,1920,1080
a.R.wrist,781,693,25_frame006009.jpg,1920,1080
i.R.shoulder,575,762,25_frame006009.jpg,1920,1080
a.L.knee,491,878,25_frame006009.jpg,1920,1080
i.L.eye,467,947,25_frame006009.jpg,1920,1080
a.R.knee,539,739,25_frame006009.jpg,1920,1080
a.L.eye,907,459,25_frame006051.jpg,1920,1080
a.L.shoulder,1097,592,25_frame006051.jpg,1920,1080
a.L.elbow,1076,762,25_frame006051.jpg,1920,1080
a.L.wrist,768,802,25_frame006051.jpg,1920,1080
i.L.eye,602,745,25_frame006051.jpg,1920,1080
a.R.wrist,593,672,25_frame006051.jpg,1920,1080
a.R.knee,542,748,25_frame006051.jpg,1920,1080
a.L.knee,460,866,25_frame006051.jpg,1920,1080
i.L.elbow,657,969,25_frame006051.jpg,1920,1080
i.L.wrist,556,1034,25_frame006051.jpg,1920,1080
i.R.elbow,569,862,25_frame006051.jpg,1920,1080
i.R.wrist,517,921,25_frame006051.jpg,1920,1080
i.R.shoulder,609,805,25_frame006051.jpg,1920,1080
a.L.shoulder,213,398,26_frame008271.jpg,1920,1080
a.L.elbow,312,221,26_frame008271.jpg,1920,1080
a.L.wrist,406,27,26_frame008271.jpg,1920,1080
a.R.eye,286,423,26_frame008271.jpg,1920,1080
a.R.eye,350,465,26_frame008271.jpg,1920,1080
a.R.shoulder,396,497,26_frame008271.jpg,1920,1080
a.R.elbow,695,545,26_frame008271.jpg,1920,1080
a.R.wrist,760,402,26_frame008271.jpg,1920,1080
i.R.eye,575,352,26_frame008271.jpg,1920,1080
i.R.shoulder,674,402,26_frame008271.jpg,1920,1080
i.R.elbow,703,307,26_frame008271.jpg,1920,1080
i.R.wrist,714,196,26_frame008271.jpg,1920,1080
i.L.wrist,495,168,26_frame008271.jpg,1920,1080
i.L.elbow,524,223,26_frame008271.jpg,1920,1080
i.L.shoulder,539,316,26_frame008271.jpg,1920,1080
i.R.knee,880,337,26_frame008271.jpg,1920,1080
i.R.ankle,918,286,26_frame008271.jpg,1920,1080
i.L.ankle,838,240,26_frame008271.jpg,1920,1080
i.L.ankle,745,259,26_frame008271.jpg,1920,1080
a.L.hip,516,181,26_frame008271.jpg,1920,1080
a.R.ankle,846,179,26_frame008271.jpg,1920,1080
a.R.shoulder,354,23,26_frame010047.jpg,1920,1080
a.R.elbow,354,265,26_frame010047.jpg,1920,1080
a.R.wrist,520,364,26_frame010047.jpg,1920,1080
a.R.hip,451,396,26_frame010047.jpg,1920,1080
a.R.knee,804,497,26_frame010047.jpg,1920,1080
a.L.knee,922,232,26_frame010047.jpg,1920,1080
a.L.hip,697,269,26_frame010047.jpg,1920,1080
i.L.knee,657,82,26_frame010047.jpg,1920,1080
i.R.knee,762,82,26_frame010047.jpg,1920,1080
i.L.ankle,672,192,26_frame010047.jpg,1920,1080
i.R.ankle,802,171,26_frame010047.jpg,1920,1080
i.L.hip,648,0,26_frame010047.jpg,1920,1080
a.R.shoulder,406,31,26_frame010533.jpg,1920,1080
a.R.elbow,428,285,26_frame010533.jpg,1920,1080
a.R.wrist,632,367,26_frame010533.jpg,1920,1080
a.R.hip,449,353,26_frame010533.jpg,1920,1080
a.R.knee,810,511,26_frame010533.jpg,1920,1080
i.L.eye,966,180,26_frame010533.jpg,1920,1080
i.L.shoulder,1081,292,26_frame010533.jpg,1920,1080
i.L.elbow,1091,389,26_frame010533.jpg,1920,1080
i.L.wrist,1041,453,26_frame010533.jpg,1920,1080
i.L.knee,1000,422,26_frame010533.jpg,1920,1080
i.L.ankle,911,381,26_frame010533.jpg,1920,1080
i.R.elbow,901,201,26_frame010533.jpg,1920,1080
i.R.wrist,822,182,26_frame010533.jpg,1920,1080
i.L.eye,893,556,27_frame004278.jpg,1920,1080
i.R.eye,844,554,27_frame004278.jpg,1920,1080
i.L.shoulder,960,634,27_frame004278.jpg,1920,1080
i.L.elbow,1017,735,27_frame004278.jpg,1920,1080
i.L.wrist,918,735,27_frame004278.jpg,1920,1080
i.R.shoulder,802,636,27_frame004278.jpg,1920,1080
i.R.elbow,771,707,27_frame004278.jpg,1920,1080
i.R.wrist,739,712,27_frame004278.jpg,1920,1080
a.R.wrist,632,722,27_frame004278.jpg,1920,1080
a.R.elbow,693,952,27_frame004278.jpg,1920,1080
a.R.shoulder,425,726,27_frame004278.jpg,1920,1080
a.L.wrist,488,697,27_frame004278.jpg,1920,1080
a.R.eye,411,486,27_frame004278.jpg,1920,1080
i.L.eye,873,603,27_frame006369.jpg,1920,1080
i.R.eye,823,598,27_frame006369.jpg,1920,1080
i.L.shoulder,965,650,27_frame006369.jpg,1920,1080
i.L.elbow,1016,722,27_frame006369.jpg,1920,1080
i.L.wrist,880,753,27_frame006369.jpg,1920,1080
i.R.shoulder,764,657,27_frame006369.jpg,1920,1080
i.R.elbow,694,678,27_frame006369.jpg,1920,1080
i.R.wrist,682,702,27_frame006369.jpg,1920,1080
a.R.eye,19,571,27_frame006369.jpg,1920,1080
i.L.eye,906,605,27_frame009438.jpg,1920,1080
i.R.eye,858,599,27_frame009438.jpg,1920,1080
i.R.shoulder,787,623,27_frame009438.jpg,1920,1080
i.R.elbow,741,669,27_frame009438.jpg,1920,1080
i.R.wrist,686,703,27_frame009438.jpg,1920,1080
i.L.shoulder,966,655,27_frame009438.jpg,1920,1080
i.L.elbow,992,728,27_frame009438.jpg,1920,1080
i.L.wrist,924,737,27_frame009438.jpg,1920,1080
i.L.eye,986,437,28_frame001419.jpg,1920,1080
i.L.shoulder,1092,502,28_frame001419.jpg,1920,1080
i.L.wrist,1113,580,28_frame001419.jpg,1920,1080
i.R.shoulder,967,486,28_frame001419.jpg,1920,1080
i.R.elbow,914,477,28_frame001419.jpg,1920,1080
i.R.wrist,945,429,28_frame001419.jpg,1920,1080
i.R.ankle,963,736,28_frame001419.jpg,1920,1080
i.L.ankle,1052,741,28_frame001419.jpg,1920,1080
a.R.ankle,569,348,28_frame001419.jpg,1920,1080
a.R.shoulder,386,477,28_frame001419.jpg,1920,1080
a.L.shoulder,592,480,28_frame001419.jpg,1920,1080
i.R.knee,908,644,28_frame001419.jpg,1920,1080
a.L.eye,666,617,28_frame003459.jpg,1920,1080
a.R.eye,635,626,28_frame003459.jpg,1920,1080
a.R.shoulder,565,695,28_frame003459.jpg,1920,1080
a.R.elbow,552,800,28_frame003459.jpg,1920,1080
a.R.wrist,497,878,28_frame003459.jpg,1920,1080
a.L.shoulder,720,662,28_frame003459.jpg,1920,1080
a.R.hip,617,874,28_frame003459.jpg,1920,1080
a.L.hip,725,833,28_frame003459.jpg,1920,1080
a.R.knee,663,983,28_frame003459.jpg,1920,1080
a.R.ankle,633,1065,28_frame003459.jpg,1920,1080
a.L.knee,884,901,28_frame003459.jpg,1920,1080
a.L.ankle,1098,945,28_frame003459.jpg,1920,1080
i.L.eye,1050,780,28_frame003459.jpg,1920,1080
i.R.eye,1021,780,28_frame003459.jpg,1920,1080
i.L.shoulder,1106,781,28_frame003459.jpg,1920,1080
i.L.elbow,1116,869,28_frame003459.jpg,1920,1080
i.L.hip,1145,841,28_frame003459.jpg,1920,1080
i.L.knee,1127,945,28_frame003459.jpg,1920,1080
i.L.ankle,1135,1022,28_frame003459.jpg,1920,1080
i.R.knee,1024,935,28_frame003459.jpg,1920,1080
i.R.ankle,1026,1008,28_frame003459.jpg,1920,1080
i.R.elbow,977,822,28_frame003459.jpg,1920,1080
i.L.eye,1017,958,28_frame006606.jpg,1920,1080
i.R.eye,983,960,28_frame006606.jpg,1920,1080
i.R.shoulder,950,959,28_frame006606.jpg,1920,1080
i.R.elbow,908,1023,28_frame006606.jpg,1920,1080
i.L.shoulder,1060,971,28_frame006606.jpg,1920,1080
i.L.elbow,1069,1040,28_frame006606.jpg,1920,1080
a.L.shoulder,1219,1057,28_frame006606.jpg,1920,1080
a.R.shoulder,1427,966,28_frame006606.jpg,1920,1080
a.L.eye,491,29,29_frame002454.jpg,1920,1080
a.L.shoulder,702,106,29_frame002454.jpg,1920,1080
a.L.elbow,803,351,29_frame002454.jpg,1920,1080
a.L.wrist,646,513,29_frame002454.jpg,1920,1080
a.R.shoulder,479,95,29_frame002454.jpg,1920,1080
a.R.elbow,440,283,29_frame002454.jpg,1920,1080
a.R.wrist,252,408,29_frame002454.jpg,1920,1080
a.L.hip,780,517,29_frame002454.jpg,1920,1080
i.R.elbow,264,567,29_frame002454.jpg,1920,1080
i.R.shoulder,139,512,29_frame002454.jpg,1920,1080
i.R.wrist,310,539,29_frame002454.jpg,1920,1080
a.R.wrist,61,523,29_frame004950.jpg,1920,1080
a.L.wrist,140,369,29_frame004950.jpg,1920,1080
a.L.knee,107,573,29_frame004950.jpg,1920,1080
i.L.shoulder,627,454,29_frame004950.jpg,1920,1080
i.L.elbow,589,502,29_frame004950.jpg,1920,1080
i.L.hip,696,562,29_frame004950.jpg,1920,1080
i.L.knee,608,528,29_frame004950.jpg,1920,1080
a.L.ankle,78,818,29_frame004950.jpg,1920,1080
a.R.ankle,29,894,29_frame004950.jpg,1920,1080
i.L.shoulder,1531,680,29_frame009222.jpg,1920,1080
i.L.elbow,1423,752,29_frame009222.jpg,1920,1080
i.L.wrist,1341,686,29_frame009222.jpg,1920,1080
i.R.shoulder,1747,691,29_frame009222.jpg,1920,1080
i.R.hip,1731,907,29_frame009222.jpg,1920,1080
i.R.elbow,1886,811,29_frame009222.jpg,1920,1080
i.L.hip,1539,914,29_frame009222.jpg,1920,1080
a.R.shoulder,541,236,30_frame005190.jpg,1920,1080
a.R.elbow,655,368,30_frame005190.jpg,1920,1080
a.R.hip,484,592,30_frame005190.jpg,1920,1080
a.R.knee,640,465,30_frame005190.jpg,1920,1080
a.L.shoulder,303,251,30_frame005190.jpg,1920,1080
a.L.hip,314,613,30_frame005190.jpg,1920,1080
i.L.shoulder,798,215,30_frame005190.jpg,1920,1080
i.L.elbow,861,276,30_frame005190.jpg,1920,1080
i.L.wrist,836,345,30_frame005190.jpg,1920,1080
i.L.ankle,813,484,30_frame005190.jpg,1920,1080
i.L.knee,808,413,30_frame005190.jpg,1920,1080
a.L.shoulder,796,244,30_frame009084.jpg,1920,1080
a.L.knee,859,417,30_frame009084.jpg,1920,1080
a.L.wrist,800,594,30_frame009084.jpg,1920,1080
a.L.knee,962,522,30_frame009084.jpg,1920,1080
a.L.ankle,935,749,30_frame009084.jpg,1920,1080
a.R.shoulder,541,272,30_frame009084.jpg,1920,1080
a.R.elbow,531,444,30_frame009084.jpg,1920,1080
a.R.wrist,630,587,30_frame009084.jpg,1920,1080
a.R.knee,448,629,30_frame009084.jpg,1920,1080
a.R.hip,579,514,30_frame009084.jpg,1920,1080
i.R.eye,442,571,30_frame009084.jpg,1920,1080
i.R.shoulder,408,655,30_frame009084.jpg,1920,1080
i.R.elbow,476,688,30_frame009084.jpg,1920,1080
i.R.wrist,587,667,30_frame009084.jpg,1920,1080
i.R.hip,408,815,30_frame009084.jpg,1920,1080
i.R.knee,499,771,30_frame009084.jpg,1920,1080
i.L.hip,316,792,30_frame009084.jpg,1920,1080
a.R.shoulder,126,442,32_frame000102.jpg,1920,1080
a.R.elbow,32,583,32_frame000102.jpg,1920,1080
a.R.hip,192,665,32_frame000102.jpg,1920,1080
a.R.knee,488,709,32_frame000102.jpg,1920,1080
a.L.knee,442,497,32_frame000102.jpg,1920,1080
a.L.wrist,335,486,32_frame000102.jpg,1920,1080
a.L.shoulder,366,349,32_frame000102.jpg,1920,1080
a.L.elbow,390,459,32_frame000102.jpg,1920,1080
a.R.eye,221,413,32_frame000102.jpg,1920,1080
a.L.eye,265,425,32_frame000102.jpg,1920,1080
i.L.eye,870,545,32_frame000102.jpg,1920,1080
i.R.eye,844,539,32_frame000102.jpg,1920,1080
i.L.shoulder,943,598,32_frame000102.jpg,1920,1080
i.L.elbow,971,655,32_frame000102.jpg,1920,1080
i.L.wrist,979,718,32_frame000102.jpg,1920,1080
i.R.shoulder,838,594,32_frame000102.jpg,1920,1080
i.R.elbow,813,634,32_frame000102.jpg,1920,1080
i.R.wrist,794,693,32_frame000102.jpg,1920,1080
i.L.knee,1013,718,32_frame000102.jpg,1920,1080
i.R.knee,792,718,32_frame000102.jpg,1920,1080
i.R.ankle,728,758,32_frame000102.jpg,1920,1080
a.R.shoulder,131,429,32_frame001488.jpg,1920,1080
a.R.knee,203,590,32_frame001488.jpg,1920,1080
a.R.ankle,421,821,32_frame001488.jpg,1920,1080
a.L.ankle,65,829,32_frame001488.jpg,1920,1080
a.L.knee,289,779,32_frame001488.jpg,1920,1080
i.L.ankle,338,494,32_frame001488.jpg,1920,1080
i.L.knee,270,465,32_frame001488.jpg,1920,1080
i.L.hip,358,446,32_frame001488.jpg,1920,1080
a.R.eye,302,412,32_frame001488.jpg,1920,1080
i.R.shoulder,373,465,32_frame001917.jpg,1920,1080
i.R.elbow,453,486,32_frame001917.jpg,1920,1080
i.R.hip,344,576,32_frame001917.jpg,1920,1080
i.R.knee,426,555,32_frame001917.jpg,1920,1080
i.L.shoulder,306,444,32_frame001917.jpg,1920,1080
i.L.hip,279,542,32_frame001917.jpg,1920,1080
a.L.eye,1149,185,32_frame001917.jpg,1920,1080
a.L.shoulder,1247,277,32_frame001917.jpg,1920,1080
a.L.elbow,1233,412,32_frame001917.jpg,1920,1080
a.L.wrist,1132,469,32_frame001917.jpg,1920,1080
a.R.shoulder,1086,248,32_frame001917.jpg,1920,1080
a.R.knee,1047,180,32_frame001917.jpg,1920,1080
a.R.wrist,1114,197,32_frame001917.jpg,1920,1080
a.R.hip,1056,436,32_frame001917.jpg,1920,1080
a.L.hip,1216,464,32_frame001917.jpg,1920,1080
a.L.knee,1135,559,32_frame001917.jpg,1920,1080
a.L.ankle,1079,689,32_frame001917.jpg,1920,1080
a.R.knee,913,536,32_frame001917.jpg,1920,1080
i.L.eye,1055,400,33_frame000114.jpg,1920,1080
i.R.eye,1008,392,33_frame000114.jpg,1920,1080
i.R.shoulder,945,444,33_frame000114.jpg,1920,1080
i.R.elbow,897,535,33_frame000114.jpg,1920,1080
i.R.wrist,851,587,33_frame000114.jpg,1920,1080
i.L.shoulder,1107,463,33_frame000114.jpg,1920,1080
i.L.elbow,1135,562,33_frame000114.jpg,1920,1080
i.L.wrist,1076,648,33_frame000114.jpg,1920,1080
i.R.hip,920,655,33_frame000114.jpg,1920,1080
i.L.hip,1059,676,33_frame000114.jpg,1920,1080
i.R.knee,918,792,33_frame000114.jpg,1920,1080
i.L.knee,1055,823,33_frame000114.jpg,1920,1080
i.R.ankle,910,886,33_frame000114.jpg,1920,1080
i.L.ankle,1017,909,33_frame000114.jpg,1920,1080
a.L.shoulder,1324,644,33_frame000114.jpg,1920,1080
a.L.elbow,1328,882,33_frame000114.jpg,1920,1080
a.L.wrist,1307,1061,33_frame000114.jpg,1920,1080
a.L.knee,1040,1000,33_frame000114.jpg,1920,1080
a.L.hip,1392,954,33_frame000114.jpg,1920,1080
a.R.hip,1265,789,33_frame000114.jpg,1920,1080
a.R.knee,1122,775,33_frame000114.jpg,1920,1080
i.R.shoulder,899,547,33_frame003666.jpg,1920,1080
i.R.knee,1002,644,33_frame003666.jpg,1920,1080
i.R.wrist,1027,533,33_frame003666.jpg,1920,1080
i.R.hip,893,731,33_frame003666.jpg,1920,1080
a.R.knee,956,897,33_frame003666.jpg,1920,1080
i.R.ankle,939,971,33_frame003666.jpg,1920,1080
i.L.knee,874,851,33_frame003666.jpg,1920,1080
i.L.ankle,861,905,33_frame003666.jpg,1920,1080
a.R.knee,1023,655,33_frame003666.jpg,1920,1080
a.R.ankle,1061,848,33_frame003666.jpg,1920,1080
a.R.hip,1265,739,33_frame003666.jpg,1920,1080
a.L.hip,1364,899,33_frame003666.jpg,1920,1080
a.L.knee,1107,939,33_frame003666.jpg,1920,1080
a.L.eye,1417,413,33_frame003666.jpg,1920,1080
a.L.shoulder,1560,564,33_frame003666.jpg,1920,1080
a.L.elbow,1373,745,33_frame003666.jpg,1920,1080
a.L.wrist,1261,575,33_frame003666.jpg,1920,1080
i.R.shoulder,488,398,33_frame010389.jpg,1920,1080
i.R.elbow,546,443,33_frame010389.jpg,1920,1080
i.R.wrist,599,424,33_frame010389.jpg,1920,1080
i.L.shoulder,409,420,33_frame010389.jpg,1920,1080
i.L.hip,419,538,33_frame010389.jpg,1920,1080
a.L.eye,677,182,33_frame010389.jpg,1920,1080
a.R.eye,650,190,33_frame010389.jpg,1920,1080
a.R.shoulder,658,253,33_frame010389.jpg,1920,1080
a.R.elbow,642,359,33_frame010389.jpg,1920,1080
a.R.wrist,539,385,33_frame010389.jpg,1920,1080
a.L.shoulder,804,206,33_frame010389.jpg,1920,1080
a.L.elbow,843,335,33_frame010389.jpg,1920,1080
a.R.hip,745,385,33_frame010389.jpg,1920,1080
i.L.eye,879,313,34_frame000375.jpg,1920,1080
i.R.eye,852,313,34_frame000375.jpg,1920,1080
i.L.shoulder,905,361,34_frame000375.jpg,1920,1080
i.L.elbow,915,440,34_frame000375.jpg,1920,1080
i.L.wrist,903,427,34_frame000375.jpg,1920,1080
i.R.shoulder,804,360,34_frame000375.jpg,1920,1080
i.R.elbow,758,385,34_frame000375.jpg,1920,1080
i.R.wrist,692,367,34_frame000375.jpg,1920,1080
i.R.hip,814,463,34_frame000375.jpg,1920,1080
i.R.knee,824,502,34_frame000375.jpg,1920,1080
i.R.ankle,809,601,34_frame000375.jpg,1920,1080
i.L.hip,893,474,34_frame000375.jpg,1920,1080
i.L.knee,899,542,34_frame000375.jpg,1920,1080
i.L.ankle,889,641,34_frame000375.jpg,1920,1080
a.L.eye,979,254,34_frame000375.jpg,1920,1080
a.R.eye,948,249,34_frame000375.jpg,1920,1080
a.L.shoulder,1096,343,34_frame000375.jpg,1920,1080
a.R.shoulder,910,301,34_frame000375.jpg,1920,1080
a.R.knee,759,523,34_frame000375.jpg,1920,1080
a.R.ankle,850,739,34_frame000375.jpg,1920,1080
a.L.wrist,974,542,34_frame000375.jpg,1920,1080
a.L.shoulder,838,557,34_frame001977.jpg,1920,1080
a.L.elbow,882,766,34_frame001977.jpg,1920,1080
a.L.hip,882,829,34_frame001977.jpg,1920,1080
a.L.eye,722,416,34_frame009018.jpg,1920,1080
a.R.eye,708,402,34_frame009018.jpg,1920,1080
a.L.hip,829,536,34_frame009018.jpg,1920,1080
a.L.elbow,874,717,34_frame009018.jpg,1920,1080
a.R.shoulder,687,451,34_frame009018.jpg,1920,1080
a.R.elbow,584,436,34_frame009018.jpg,1920,1080
a.R.wrist,515,334,34_frame009018.jpg,1920,1080
a.L.knee,881,790,34_frame009018.jpg,1920,1080
a.L.hip,901,757,34_frame009018.jpg,1920,1080
a.R.knee,619,740,34_frame009018.jpg,1920,1080
i.L.hip,532,724,34_frame009018.jpg,1920,1080
i.R.hip,612,700,34_frame009018.jpg,1920,1080
i.L.knee,538,829,34_frame009018.jpg,1920,1080
i.R.ankle,591,909,34_frame009018.jpg,1920,1080
i.L.shoulder,482,555,34_frame009018.jpg,1920,1080
i.L.elbow,401,576,34_frame009018.jpg,1920,1080
i.L.wrist,375,537,34_frame009018.jpg,1920,1080
i.L.eye,966,1020,35_frame001824.jpg,1920,1080
i.R.eye,926,1043,35_frame001824.jpg,1920,1080
i.R.eye,1165,418,35_frame002937.jpg,1920,1080
i.R.shoulder,1107,479,35_frame002937.jpg,1920,1080
i.R.hip,862,563,35_frame002937.jpg,1920,1080
i.R.knee,977,743,35_frame002937.jpg,1920,1080
i.R.ankle,815,829,35_frame002937.jpg,1920,1080
i.L.ankle,629,808,35_frame002937.jpg,1920,1080
i.L.knee,727,804,35_frame002937.jpg,1920,1080
a.R.shoulder,1861,219,35_frame002937.jpg,1920,1080
a.R.elbow,1612,349,35_frame002937.jpg,1920,1080
a.R.wrist,1354,416,35_frame002937.jpg,1920,1080
a.R.hip,1752,789,35_frame002937.jpg,1920,1080
a.R.knee,1272,760,35_frame002937.jpg,1920,1080
a.R.ankle,696,882,35_frame002937.jpg,1920,1080
a.L.hip,1916,1030,35_frame002937.jpg,1920,1080
a.R.eye,203,45,35_frame009996.jpg,1920,1080
a.R.shoulder,109,209,35_frame009996.jpg,1920,1080
a.R.elbow,400,393,35_frame009996.jpg,1920,1080
a.R.wrist,457,244,35_frame009996.jpg,1920,1080
a.R.hip,285,664,35_frame009996.jpg,1920,1080
a.R.knee,809,483,35_frame009996.jpg,1920,1080
a.L.knee,801,370,35_frame009996.jpg,1920,1080
i.L.eye,656,123,35_frame009996.jpg,1920,1080
i.R.eye,616,114,35_frame009996.jpg,1920,1080
i.L.shoulder,683,240,35_frame009996.jpg,1920,1080
i.R.shoulder,606,146,35_frame009996.jpg,1920,1080
i.R.wrist,514,121,35_frame009996.jpg,1920,1080
a.L.wrist,346,234,35_frame009996.jpg,1920,1080
i.L.eye,945,766,36_frame003072.jpg,1920,1080
i.R.eye,914,768,36_frame003072.jpg,1920,1080
i.L.wrist,978,837,36_frame003072.jpg,1920,1080
i.L.knee,1000,974,36_frame003072.jpg,1920,1080
i.L.ankle,1009,1058,36_frame003072.jpg,1920,1080
i.R.knee,898,952,36_frame003072.jpg,1920,1080
i.R.ankle,920,1032,36_frame003072.jpg,1920,1080
i.L.elbow,1017,872,36_frame003072.jpg,1920,1080
i.L.shoulder,1099,557,36_frame007764.jpg,1920,1080
i.L.elbow,1107,640,36_frame007764.jpg,1920,1080
i.L.wrist,1047,697,36_frame007764.jpg,1920,1080
i.L.hip,1117,692,36_frame007764.jpg,1920,1080
i.L.shoulder,1023,630,36_frame008247.jpg,1920,1080
i.L.elbow,942,631,36_frame008247.jpg,1920,1080
i.L.wrist,910,588,36_frame008247.jpg,1920,1080
i.R.shoulder,1151,736,36_frame008247.jpg,1920,1080
i.R.elbow,1172,818,36_frame008247.jpg,1920,1080
i.R.wrist,1180,911,36_frame008247.jpg,1920,1080
i.R.hip,984,906,36_frame008247.jpg,1920,1080
i.L.hip,881,793,36_frame008247.jpg,1920,1080
i.L.knee,871,687,36_frame008247.jpg,1920,1080
a.R.eye,40,444,37_frame004713.jpg,1920,1080
a.L.eye,325,114,37_frame004713.jpg,1920,1080
a.R.shoulder,140,739,37_frame005805.jpg,1920,1080
a.R.elbow,327,842,37_frame005805.jpg,1920,1080
a.R.wrist,344,727,37_frame005805.jpg,1920,1080
a.R.eye,174,611,37_frame005805.jpg,1920,1080
a.R.knee,792,846,37_frame005805.jpg,1920,1080
a.L.ankle,792,846,37_frame005805.jpg,1920,1080
a.L.knee,683,624,37_frame005805.jpg,1920,1080
a.R.knee,759,787,37_frame005805.jpg,1920,1080
i.R.eye,383,607,37_frame005805.jpg,1920,1080
a.R.shoulder,472,616,37_frame008376.jpg,1920,1080
a.R.elbow,494,875,37_frame008376.jpg,1920,1080
a.R.wrist,670,885,37_frame008376.jpg,1920,1080
a.L.elbow,654,686,37_frame008376.jpg,1920,1080
i.L.eye,742,689,37_frame008376.jpg,1920,1080
i.R.eye,701,687,37_frame008376.jpg,1920,1080
i.L.shoulder,798,723,37_frame008376.jpg,1920,1080
i.L.elbow,827,816,37_frame008376.jpg,1920,1080
i.L.wrist,772,766,37_frame008376.jpg,1920,1080
i.R.wrist,695,758,37_frame008376.jpg,1920,1080
i.R.elbow,657,796,37_frame008376.jpg,1920,1080
i.L.hip,814,900,37_frame008376.jpg,1920,1080
i.L.knee,830,1013,37_frame008376.jpg,1920,1080
a.R.knee,764,864,37_frame008376.jpg,1920,1080
a.L.eye,1030,272,38_frame001890.jpg,1920,1080
a.L.shoulder,1165,355,38_frame001890.jpg,1920,1080
a.L.wrist,875,524,38_frame001890.jpg,1920,1080
a.L.elbow,1021,538,38_frame001890.jpg,1920,1080
i.R.shoulder,891,398,38_frame001890.jpg,1920,1080
i.R.elbow,947,422,38_frame001890.jpg,1920,1080
i.R.wrist,984,382,38_frame001890.jpg,1920,1080
i.R.eye,935,349,38_frame001890.jpg,1920,1080
a.L.knee,756,554,38_frame001890.jpg,1920,1080
a.L.ankle,480,623,38_frame001890.jpg,1920,1080
a.L.shoulder,932,386,38_frame003918.jpg,1920,1080
a.L.elbow,825,563,38_frame003918.jpg,1920,1080
a.L.wrist,718,532,38_frame003918.jpg,1920,1080
a.L.hip,1024,598,38_frame003918.jpg,1920,1080
a.L.knee,734,611,38_frame003918.jpg,1920,1080
i.L.shoulder,821,433,38_frame003918.jpg,1920,1080
a.R.wrist,700,408,38_frame003918.jpg,1920,1080
a.L.knee,721,610,38_frame003918.jpg,1920,1080
a.L.eye,755,328,38_frame003918.jpg,1920,1080
a.L.knee,618,215,38_frame007956.jpg,1920,1080
a.L.ankle,656,655,38_frame007956.jpg,1920,1080
a.L.wrist,1015,123,38_frame007956.jpg,1920,1080
a.L.elbow,1186,142,38_frame007956.jpg,1920,1080
i.L.knee,763,114,38_frame007956.jpg,1920,1080
i.L.ankle,822,184,38_frame007956.jpg,1920,1080
i.R.ankle,929,171,38_frame007956.jpg,1920,1080
i.R.knee,887,119,38_frame007956.jpg,1920,1080
i.R.hip,872,56,38_frame007956.jpg,1920,1080
i.L.hip,688,66,38_frame007956.jpg,1920,1080
i.L.eye,671,458,39_frame007935.jpg,1920,1080
i.L.shoulder,763,520,39_frame007935.jpg,1920,1080
i.L.elbow,801,590,39_frame007935.jpg,1920,1080
i.L.wrist,786,632,39_frame007935.jpg,1920,1080
i.L.hip,743,648,39_frame007935.jpg,1920,1080
i.R.shoulder,669,517,39_frame007935.jpg,1920,1080
i.R.elbow,657,573,39_frame007935.jpg,1920,1080
i.R.wrist,644,635,39_frame007935.jpg,1920,1080
i.R.hip,680,641,39_frame007935.jpg,1920,1080
i.R.knee,682,731,39_frame007935.jpg,1920,1080
i.L.knee,771,742,39_frame007935.jpg,1920,1080
i.L.ankle,787,797,39_frame007935.jpg,1920,1080
i.R.ankle,680,797,39_frame007935.jpg,1920,1080
a.L.shoulder,817,606,39_frame007935.jpg,1920,1080
a.R.shoulder,1047,554,39_frame007935.jpg,1920,1080
a.L.elbow,859,839,39_frame007935.jpg,1920,1080
a.L.hip,983,959,39_frame007935.jpg,1920,1080
a.R.hip,1200,941,39_frame007935.jpg,1920,1080
a.L.knee,809,976,39_frame007935.jpg,1920,1080
a.L.shoulder,1052,810,39_frame008922.jpg,1920,1080
a.L.elbow,1086,1041,39_frame008922.jpg,1920,1080
a.R.shoulder,1344,727,39_frame008922.jpg,1920,1080
a.R.elbow,1430,982,39_frame008922.jpg,1920,1080
i.R.knee,998,991,39_frame008922.jpg,1920,1080
i.L.knee,1059,1062,39_frame008922.jpg,1920,1080
a.L.knee,958,986,39_frame008922.jpg,1920,1080
i.L.eye,1043,737,40_frame000447.jpg,1920,1080
i.R.eye,1015,735,40_frame000447.jpg,1920,1080
i.R.shoulder,983,785,40_frame000447.jpg,1920,1080
i.R.elbow,972,866,40_frame000447.jpg,1920,1080
i.R.wrist,968,889,40_frame000447.jpg,1920,1080
i.L.shoulder,1097,774,40_frame000447.jpg,1920,1080
i.L.elbow,1147,815,40_frame000447.jpg,1920,1080
i.L.wrist,1202,830,40_frame000447.jpg,1920,1080
i.L.hip,1116,905,40_frame000447.jpg,1920,1080
i.R.hip,993,910,40_frame000447.jpg,1920,1080
i.R.knee,983,1005,40_frame000447.jpg,1920,1080
i.L.knee,1104,1004,40_frame000447.jpg,1920,1080
i.R.ankle,993,1077,40_frame000447.jpg,1920,1080
i.L.ankle,1123,1062,40_frame000447.jpg,1920,1080
i.R.shoulder,945,152,40_frame002559.jpg,1920,1080
i.R.elbow,960,213,40_frame002559.jpg,1920,1080
i.R.wrist,1008,236,40_frame002559.jpg,1920,1080
i.R.eye,956,104,40_frame002559.jpg,1920,1080
i.L.eye,868,133,40_frame002559.jpg,1920,1080
i.L.hip,851,268,40_frame002559.jpg,1920,1080
i.R.hip,945,268,40_frame002559.jpg,1920,1080
i.L.knee,859,347,40_frame002559.jpg,1920,1080
i.R.knee,935,360,40_frame002559.jpg,1920,1080
i.L.ankle,853,397,40_frame002559.jpg,1920,1080
i.R.ankle,939,397,40_frame002559.jpg,1920,1080
a.L.knee,90,546,40_frame002559.jpg,1920,1080
a.L.ankle,205,486,40_frame002559.jpg,1920,1080
a.L.hip,92,412,40_frame002559.jpg,1920,1080
a.L.elbow,130,374,40_frame002559.jpg,1920,1080
a.L.wrist,75,351,40_frame002559.jpg,1920,1080
a.L.shoulder,80,234,40_frame002559.jpg,1920,1080
i.L.shoulder,1251,265,40_frame007950.jpg,1920,1080
i.L.shoulder,1172,353,40_frame007950.jpg,1920,1080
i.L.hip,1228,527,40_frame007950.jpg,1920,1080
i.R.hip,1427,513,40_frame007950.jpg,1920,1080
i.L.knee,1151,611,40_frame007950.jpg,1920,1080
i.L.ankle,1207,731,40_frame007950.jpg,1920,1080
i.R.ankle,1346,800,40_frame007950.jpg,1920,1080
i.R.knee,1342,687,40_frame007950.jpg,1920,1080
i.R.shoulder,1446,265,40_frame007950.jpg,1920,1080
a.R.eye,773,71,41_frame001761.jpg,1920,1080
a.R.shoulder,631,213,41_frame001761.jpg,1920,1080
a.R.elbow,696,345,41_frame001761.jpg,1920,1080
a.R.wrist,791,232,41_frame001761.jpg,1920,1080
a.L.elbow,922,281,41_frame001761.jpg,1920,1080
a.L.shoulder,843,146,41_frame001761.jpg,1920,1080
a.R.knee,887,344,41_frame001761.jpg,1920,1080
a.R.hip,703,471,41_frame001761.jpg,1920,1080
a.R.ankle,884,649,41_frame001761.jpg,1920,1080
a.L.knee,1036,316,41_frame001761.jpg,1920,1080
a.L.ankle,1142,584,41_frame001761.jpg,1920,1080
i.L.shoulder,1073,234,41_frame001761.jpg,1920,1080
i.L.elbow,986,279,41_frame001761.jpg,1920,1080
i.L.wrist,933,234,41_frame001761.jpg,1920,1080
i.L.eye,1005,165,41_frame001761.jpg,1920,1080
i.L.ankle,1039,535,41_frame001761.jpg,1920,1080
a.R.knee,929,293,41_frame009585.jpg,1920,1080
a.R.ankle,881,549,41_frame009585.jpg,1920,1080
a.L.knee,1104,303,41_frame009585.jpg,1920,1080
i.R.shoulder,1145,214,41_frame009585.jpg,1920,1080
i.L.shoulder,1022,201,41_frame009585.jpg,1920,1080
a.R.shoulder,1028,143,41_frame009585.jpg,1920,1080
a.L.shoulder,1237,192,41_frame009585.jpg,1920,1080
a.R.ankle,903,541,41_frame009585.jpg,1920,1080
a.L.eye,1131,107,41_frame009993.jpg,1920,1080
a.R.eye,1088,112,41_frame009993.jpg,1920,1080
a.L.eye,1006,171,41_frame009993.jpg,1920,1080
a.L.shoulder,1270,202,41_frame009993.jpg,1920,1080
a.L.elbow,1310,369,41_frame009993.jpg,1920,1080
a.L.wrist,1188,372,41_frame009993.jpg,1920,1080
i.L.eye,1166,201,41_frame009993.jpg,1920,1080
i.R.eye,1131,200,41_frame009993.jpg,1920,1080
i.L.shoulder,1239,260,41_frame009993.jpg,1920,1080
i.L.elbow,1259,306,41_frame009993.jpg,1920,1080
i.L.wrist,1278,358,41_frame009993.jpg,1920,1080
i.R.shoulder,1105,258,41_frame009993.jpg,1920,1080
i.R.elbow,1066,271,41_frame009993.jpg,1920,1080
i.L.knee,1182,408,41_frame009993.jpg,1920,1080
i.L.hip,1207,458,41_frame009993.jpg,1920,1080
i.L.ankle,1037,402,41_frame009993.jpg,1920,1080
a.L.ankle,1090,424,41_frame009993.jpg,1920,1080
a.L.ankle,1103,756,41_frame009993.jpg,1920,1080
i.R.ankle,1009,562,41_frame009993.jpg,1920,1080
a.R.knee,879,363,41_frame009993.jpg,1920,1080
a.L.eye,755,121,42_frame003000.jpg,1920,1080
a.R.eye,715,125,42_frame003000.jpg,1920,1080
a.R.shoulder,620,211,42_frame003000.jpg,1920,1080
a.R.elbow,706,402,42_frame003000.jpg,1920,1080
a.R.wrist,820,282,42_frame003000.jpg,1920,1080
a.L.wrist,859,280,42_frame003000.jpg,1920,1080
a.L.elbow,926,328,42_frame003000.jpg,1920,1080
a.R.hip,734,490,42_frame003000.jpg,1920,1080
a.L.hip,941,412,42_frame003000.jpg,1920,1080
a.L.ankle,1264,689,42_frame003000.jpg,1920,1080
a.R.ankle,1239,779,42_frame003000.jpg,1920,1080
i.R.shoulder,1134,473,42_frame003000.jpg,1920,1080
i.R.elbow,1147,521,42_frame003000.jpg,1920,1080
i.R.hip,1029,477,42_frame003000.jpg,1920,1080
i.R.knee,1042,574,42_frame003000.jpg,1920,1080
i.R.ankle,998,693,42_frame003000.jpg,1920,1080
i.L.shoulder,910,471,42_frame003000.jpg,1920,1080
i.L.knee,887,590,42_frame003000.jpg,1920,1080
i.L.ankle,801,668,42_frame003000.jpg,1920,1080
a.L.eye,968,102,42_frame006717.jpg,1920,1080
a.R.eye,935,91,42_frame006717.jpg,1920,1080
i.L.ankle,1100,234,42_frame006717.jpg,1920,1080
a.L.elbow,1082,400,42_frame006717.jpg,1920,1080
a.R.shoulder,931,182,42_frame006717.jpg,1920,1080
a.R.elbow,887,316,42_frame006717.jpg,1920,1080
a.R.wrist,916,469,42_frame006717.jpg,1920,1080
i.L.shoulder,805,227,42_frame006717.jpg,1920,1080
i.L.elbow,834,310,42_frame006717.jpg,1920,1080
i.L.wrist,835,369,42_frame006717.jpg,1920,1080
i.R.eye,725,210,42_frame006717.jpg,1920,1080
i.L.eye,766,203,42_frame006717.jpg,1920,1080
i.R.shoulder,660,219,42_frame006717.jpg,1920,1080
i.R.elbow,631,314,42_frame006717.jpg,1920,1080
i.R.wrist,601,375,42_frame006717.jpg,1920,1080
i.R.hip,665,393,42_frame006717.jpg,1920,1080
i.L.hip,783,397,42_frame006717.jpg,1920,1080
i.R.knee,674,491,42_frame006717.jpg,1920,1080
i.L.knee,782,498,42_frame006717.jpg,1920,1080
i.R.ankle,682,546,42_frame006717.jpg,1920,1080
i.L.ankle,776,574,42_frame006717.jpg,1920,1080
a.L.eye,1132,129,42_frame010641.jpg,1920,1080
a.L.shoulder,1252,219,42_frame010641.jpg,1920,1080
a.L.elbow,1289,382,42_frame010641.jpg,1920,1080
a.L.wrist,1194,401,42_frame010641.jpg,1920,1080
i.L.wrist,1177,382,42_frame010641.jpg,1920,1080
i.L.elbow,1180,345,42_frame010641.jpg,1920,1080
i.L.shoulder,1156,286,42_frame010641.jpg,1920,1080
i.L.eye,1064,230,42_frame010641.jpg,1920,1080
i.R.eye,1019,224,42_frame010641.jpg,1920,1080
i.R.shoulder,998,261,42_frame010641.jpg,1920,1080
i.R.elbow,984,325,42_frame010641.jpg,1920,1080
i.R.wrist,918,356,42_frame010641.jpg,1920,1080
a.L.knee,1204,421,42_frame010641.jpg,1920,1080
a.L.ankle,1134,739,42_frame010641.jpg,1920,1080
i.L.knee,1082,544,42_frame010641.jpg,1920,1080
i.R.knee,976,523,42_frame010641.jpg,1920,1080
i.L.ankle,987,410,42_frame010641.jpg,1920,1080
i.L.ankle,1095,435,42_frame010641.jpg,1920,1080
i.L.ankle,1066,651,42_frame010641.jpg,1920,1080
i.R.ankle,999,620,42_frame010641.jpg,1920,1080
a.R.knee,818,302,42_frame010641.jpg,1920,1080
a.R.ankle,807,593,42_frame010641.jpg,1920,1080
a.R.eye,900,652,43_frame004263.jpg,1920,1080
a.L.eye,937,658,43_frame004263.jpg,1920,1080
a.R.shoulder,751,748,43_frame004263.jpg,1920,1080
a.R.elbow,570,890,43_frame004263.jpg,1920,1080
a.R.hip,713,991,43_frame004263.jpg,1920,1080
a.L.hip,865,956,43_frame004263.jpg,1920,1080
a.L.knee,1062,1076,43_frame004263.jpg,1920,1080
i.R.shoulder,1499,1020,43_frame004263.jpg,1920,1080
i.L.shoulder,1347,1075,43_frame004263.jpg,1920,1080
i.R.eye,945,803,43_frame006264.jpg,1920,1080
i.L.eye,979,790,43_frame006264.jpg,1920,1080
i.R.shoulder,890,884,43_frame006264.jpg,1920,1080
i.R.elbow,975,954,43_frame006264.jpg,1920,1080
i.R.wrist,972,864,43_frame006264.jpg,1920,1080
i.L.wrist,1052,905,43_frame006264.jpg,1920,1080
i.R.hip,897,1038,43_frame006264.jpg,1920,1080
i.L.hip,1008,1019,43_frame006264.jpg,1920,1080
i.L.shoulder,553,972,43_frame006393.jpg,1920,1080
i.L.elbow,478,1068,43_frame006393.jpg,1920,1080
i.L.wrist,430,1057,43_frame006393.jpg,1920,1080
i.R.shoulder,653,932,43_frame006393.jpg,1920,1080
i.R.knee,734,935,43_frame006393.jpg,1920,1080
a.L.eye,1616,768,43_frame006393.jpg,1920,1080
a.L.shoulder,1773,957,43_frame006393.jpg,1920,1080
a.L.wrist,1553,1070,43_frame006393.jpg,1920,1080
a.R.wrist,1616,1068,43_frame006393.jpg,1920,1080
a.L.eye,1208,652,44_frame002370.jpg,1920,1080
a.R.eye,1180,649,44_frame002370.jpg,1920,1080
a.R.shoulder,1144,722,44_frame002370.jpg,1920,1080
a.R.elbow,1163,811,44_frame002370.jpg,1920,1080
a.R.knee,1128,898,44_frame002370.jpg,1920,1080
a.L.knee,1212,926,44_frame002370.jpg,1920,1080
a.L.eye,1236,653,44_frame004089.jpg,1920,1080
a.R.eye,1211,644,44_frame004089.jpg,1920,1080
a.R.shoulder,1156,700,44_frame004089.jpg,1920,1080
a.R.elbow,1136,821,44_frame004089.jpg,1920,1080
a.R.knee,1091,951,44_frame004089.jpg,1920,1080
i.L.shoulder,1188,945,44_frame004089.jpg,1920,1080
i.R.shoulder,1285,957,44_frame004089.jpg,1920,1080
i.R.elbow,1340,927,44_frame004089.jpg,1920,1080
i.R.wrist,1306,877,44_frame004089.jpg,1920,1080
i.L.wrist,1164,848,44_frame004089.jpg,1920,1080
i.L.elbow,1141,914,44_frame004089.jpg,1920,1080
i.L.hip,1186,1056,44_frame004089.jpg,1920,1080
i.R.hip,1293,1059,44_frame004089.jpg,1920,1080
a.L.eye,1191,193,44_frame010008.jpg,1920,1080
a.R.eye,1159,184,44_frame010008.jpg,1920,1080
i.L.eye,1076,260,44_frame010008.jpg,1920,1080
i.R.eye,1056,254,44_frame010008.jpg,1920,1080
i.L.elbow,1122,312,44_frame010008.jpg,1920,1080
i.L.wrist,1158,323,44_frame010008.jpg,1920,1080
i.L.knee,1120,339,44_frame010008.jpg,1920,1080
i.L.ankle,1105,399,44_frame010008.jpg,1920,1080
i.R.knee,1016,306,44_frame010008.jpg,1920,1080
i.R.ankle,1025,384,44_frame010008.jpg,1920,1080
a.L.knee,1089,474,44_frame010008.jpg,1920,1080
a.R.knee,956,450,44_frame010008.jpg,1920,1080
a.R.ankle,875,675,44_frame010008.jpg,1920,1080
a.L.ankle,1049,693,44_frame010008.jpg,1920,1080
a.R.eye,1179,493,45_frame002934.jpg,1920,1080
a.L.eye,1210,487,45_frame002934.jpg,1920,1080
a.R.shoulder,1137,570,45_frame002934.jpg,1920,1080
a.R.elbow,1254,757,45_frame002934.jpg,1920,1080
a.R.wrist,1350,669,45_frame002934.jpg,1920,1080
a.R.hip,1245,868,45_frame002934.jpg,1920,1080
a.R.knee,1465,606,45_frame002934.jpg,1920,1080
a.L.knee,1445,538,45_frame002934.jpg,1920,1080
a.R.ankle,1524,829,45_frame002934.jpg,1920,1080
i.L.eye,1578,748,45_frame002934.jpg,1920,1080
i.L.shoulder,1673,747,45_frame002934.jpg,1920,1080
i.L.elbow,1764,778,45_frame002934.jpg,1920,1080
i.L.wrist,1721,852,45_frame002934.jpg,1920,1080
a.L.shoulder,1083,516,45_frame002934.jpg,1920,1080
a.L.wrist,1081,490,45_frame002934.jpg,1920,1080
a.R.shoulder,326,612,45_frame007473.jpg,1920,1080
a.R.elbow,512,636,45_frame007473.jpg,1920,1080
a.R.wrist,536,562,45_frame007473.jpg,1920,1080
a.R.hip,521,791,45_frame007473.jpg,1920,1080
a.R.knee,666,588,45_frame007473.jpg,1920,1080
a.R.ankle,801,781,45_frame007473.jpg,1920,1080
i.L.knee,577,622,45_frame007473.jpg,1920,1080
i.R.ankle,623,579,45_frame007473.jpg,1920,1080
i.L.ankle,658,518,45_frame007473.jpg,1920,1080
i.R.eye,391,553,45_frame007473.jpg,1920,1080
i.L.eye,408,531,45_frame007473.jpg,1920,1080
a.R.eye,917,331,46_frame002082.jpg,1920,1080
a.L.eye,956,337,46_frame002082.jpg,1920,1080
a.R.shoulder,861,372,46_frame002082.jpg,1920,1080
a.R.elbow,735,400,46_frame002082.jpg,1920,1080
a.R.wrist,745,486,46_frame002082.jpg,1920,1080
a.R.hip,851,651,46_frame002082.jpg,1920,1080
a.R.knee,931,749,46_frame002082.jpg,1920,1080
a.L.knee,1146,754,46_frame002082.jpg,1920,1080
a.L.shoulder,1030,419,46_frame002082.jpg,1920,1080
i.L.eye,959,519,46_frame002082.jpg,1920,1080
i.L.shoulder,1010,549,46_frame002082.jpg,1920,1080
i.L.elbow,1053,613,46_frame002082.jpg,1920,1080
i.L.wrist,1011,653,46_frame002082.jpg,1920,1080
i.L.hip,1094,659,46_frame002082.jpg,1920,1080
i.L.knee,998,743,46_frame002082.jpg,1920,1080
i.L.ankle,1012,804,46_frame002082.jpg,1920,1080
a.R.eye,948,370,46_frame003816.jpg,1920,1080
a.L.eye,975,363,46_frame003816.jpg,1920,1080
a.R.shoulder,854,428,46_frame003816.jpg,1920,1080
a.R.elbow,827,551,46_frame003816.jpg,1920,1080
a.R.wrist,963,641,46_frame003816.jpg,1920,1080
a.R.hip,823,646,46_frame003816.jpg,1920,1080
a.R.knee,1000,707,46_frame003816.jpg,1920,1080
a.R.ankle,1191,821,46_frame003816.jpg,1920,1080
a.L.ankle,1162,870,46_frame003816.jpg,1920,1080
a.L.knee,1040,797,46_frame003816.jpg,1920,1080
i.L.eye,1061,496,46_frame003816.jpg,1920,1080
i.R.eye,1029,501,46_frame003816.jpg,1920,1080
i.R.ankle,1082,712,46_frame003816.jpg,1920,1080
i.R.wrist,1008,570,46_frame003816.jpg,1920,1080
i.L.ankle,1124,711,46_frame003816.jpg,1920,1080
i.R.knee,1034,678,46_frame003816.jpg,1920,1080
i.L.knee,1091,670,46_frame003816.jpg,1920,1080
a.L.eye,573,381,46_frame008787.jpg,1920,1080
a.R.eye,539,375,46_frame008787.jpg,1920,1080
a.R.shoulder,436,413,46_frame008787.jpg,1920,1080
a.R.elbow,376,535,46_frame008787.jpg,1920,1080
a.R.wrist,322,674,46_frame008787.jpg,1920,1080
a.L.shoulder,640,438,46_frame008787.jpg,1920,1080
a.L.elbow,644,560,46_frame008787.jpg,1920,1080
a.L.wrist,619,667,46_frame008787.jpg,1920,1080
a.L.hip,671,639,46_frame008787.jpg,1920,1080
a.L.ankle,671,804,46_frame008787.jpg,1920,1080
a.R.ankle,647,872,46_frame008787.jpg,1920,1080
i.R.wrist,559,773,46_frame008787.jpg,1920,1080
i.R.shoulder,457,676,46_frame008787.jpg,1920,1080
i.R.elbow,516,772,46_frame008787.jpg,1920,1080
i.R.hip,395,804,46_frame008787.jpg,1920,1080
i.R.knee,468,808,46_frame008787.jpg,1920,1080
